-- --------------------------------------------------------
-- Host:                         195.90.209.105
-- Server Version:               8.0.32-0ubuntu0.22.04.2 - (Ubuntu)
-- Server Betriebssystem:        Linux
-- HeidiSQL Version:             12.1.0.6537
-- --------------------------------------------------------

/*!40101 SET @OLD_CHARACTER_SET_CLIENT=@@CHARACTER_SET_CLIENT */;
/*!40101 SET NAMES utf8 */;
/*!50503 SET NAMES utf8mb4 */;
/*!40103 SET @OLD_TIME_ZONE=@@TIME_ZONE */;
/*!40103 SET TIME_ZONE='+00:00' */;
/*!40014 SET @OLD_FOREIGN_KEY_CHECKS=@@FOREIGN_KEY_CHECKS, FOREIGN_KEY_CHECKS=0 */;
/*!40101 SET @OLD_SQL_MODE=@@SQL_MODE, SQL_MODE='NO_AUTO_VALUE_ON_ZERO' */;
/*!40111 SET @OLD_SQL_NOTES=@@SQL_NOTES, SQL_NOTES=0 */;


-- Exportiere Datenbank Struktur für monopoly
CREATE DATABASE IF NOT EXISTS `monopoly` /*!40100 DEFAULT CHARACTER SET utf8mb4 COLLATE utf8mb4_0900_ai_ci */ /*!80016 DEFAULT ENCRYPTION='N' */;
USE `monopoly`;

-- Exportiere Struktur von Tabelle monopoly.game
CREATE TABLE IF NOT EXISTS `game` (
  `id` int NOT NULL AUTO_INCREMENT,
  `sessionId` varchar(255) CHARACTER SET utf8mb4 COLLATE utf8mb4_general_ci NOT NULL DEFAULT '0',
  `activePlayerId` int NOT NULL DEFAULT '0',
  `maxActivePlayers` int NOT NULL DEFAULT '4',
  `allowedToEndTurn` tinyint(1) NOT NULL DEFAULT '0' COMMENT 'Flag um zu überprüfen ob der aktive Spieler bereits gewürfelt hat. Man darf z.B. den Zug nur beenden, wenn man bereits gewürfelt hat',
  `rolledDice` tinyint DEFAULT '0',
  PRIMARY KEY (`id`)
) ENGINE=InnoDB AUTO_INCREMENT=487 DEFAULT CHARSET=utf8mb4 COLLATE=utf8mb4_general_ci;

-- Exportiere Daten aus Tabelle monopoly.game: ~486 rows (ungefähr)
INSERT INTO `game` (`id`, `sessionId`, `activePlayerId`, `maxActivePlayers`, `allowedToEndTurn`, `rolledDice`) VALUES
	(1, 'rkh9g19jtc50k4lkmf0a8b8vp4', 4, 4, 0, 0),
	(2, 'r6m2ol0ame6rs0gd3djt3o25dm', 1, 4, 0, 0),
	(3, 'o81qfrud4kudjruiann8vmnle7', 1, 4, 0, 0),
	(4, '5rksrrqckc0t893mvabrlbnqq2', 1, 4, 0, 0),
	(5, 'svv6kfrus099im0ssdaqi1onr5', 1, 4, 0, 0),
	(6, '65htcvt1ige7dikbcurbsnr3vn', 1, 4, 0, 0),
	(7, '4lrtu34avqq4iifsr6u1hi592v', 1, 4, 0, 0),
	(8, 'c31813ofpukvs3la3fhmg1dlca', 1, 4, 0, 0),
	(9, 'dpqvmetcuf4pmvgojb75a5gkr8', 1, 4, 0, 0),
	(10, 'j3ieaq209m0bekhdodk6mgp6v8', 1, 4, 0, 0),
	(11, '6t5c3b96bo548b678h31m1ld0h', 1, 4, 0, 0),
	(12, 'bergn2h7h5a6g098m1jp0dh8vr', 1, 4, 0, 0),
	(13, 'rpum63iacgk69th9to61o9pr9d', 1, 4, 0, 0),
	(14, 'fniho9jkqes69cigbuulie9n80', 1, 4, 0, 0),
	(15, 'r57ic9iktvglq60vcoic5nrvrj', 1, 4, 0, 0),
	(16, 'ndgceutvn764ifv7bfp3ps2c6g', 1, 4, 0, 0),
	(17, '46cojt0a13vobemql8hretrpv9', 1, 4, 0, 0),
	(18, 'g9p9qbg1547v4l3gqpd9110ikh', 1, 4, 0, 0),
	(19, 'j8rsn2k7nsvhs2k0qi21u7bj10', 1, 4, 0, 0),
	(20, '5gok2s73oc6fgdme66q8b2pd9s', 1, 4, 0, 0),
	(21, '1rt7o3g76t3f3u0k05f4fl4g6q', 1, 4, 0, 0),
	(22, 'gab832ciatlt00kn9bt97bmk12', 1, 4, 0, 0),
	(23, '29dcqf6csnoetmblkp77f8k93j', 1, 4, 0, 0),
	(24, 'mp3s846idh7tolnkch1o34p3rs', 1, 4, 0, 0),
	(25, 'nu6u2qqm1hu1pp1pncjcf61eat', 1, 4, 0, 0),
	(26, 'luan02e57njr4opbbnr51vvptv', 1, 4, 0, 0),
	(27, 'e066r9acdgr9d4hdm2f0l204rp', 1, 4, 0, 0),
	(28, 'eprkgvlgqa0pi1gf7d0fbuo3dd', 1, 4, 0, 0),
	(29, '3a5ljqfituhk4egrh8ojs4jkvb', 1, 4, 0, 0),
	(30, 'tbggrn0h14gru0r0d43immof8j', 1, 4, 0, 0),
	(31, 'u1d26jacc60mvvsp28c01bu3av', 1, 4, 0, 0),
	(32, '9mt0573fq41p322duphevaan4a', 1, 4, 0, 0),
	(33, '4m46rohs3l4fi2coljcs35iaqc', 1, 4, 0, 0),
	(34, 'kkq6vrtmiorjibdloou90remnh', 1, 4, 0, 0),
	(35, 'cuu20f6l8slsk7jdl7ip3ef9nu', 1, 4, 0, 0),
	(36, 'sqtmerr36q9pkr4s8am74fb3sv', 1, 4, 0, 0),
	(37, 'm0rr335vu5aol8qgjtc9kr5ck6', 1, 4, 0, 0),
	(38, '683lcvlg62fd83g43anoeldh2d', 2, 4, 0, 0),
	(39, '0c74f77fht2j49u4u1r0o1gvgn', 1, 4, 0, 0),
	(40, 'budsakpkruclrni8g23t601g02', 1, 4, 0, 0),
	(41, 'l80rf435c27sl33472r8mss3uh', 1, 4, 0, 0),
	(42, 'utegl907qu6tksm7qdlrrei59n', 1, 4, 0, 0),
	(43, 'vj42m77gnn71ep0s7u04omg40i', 1, 4, 0, 0),
	(44, '9ejja897fssss65s2a68lc5so0', 1, 4, 0, 0),
	(45, 'gs31qd6r8905pad1719ieb24l5', 1, 4, 0, 0),
	(46, 'ncutra053pir6o4gjagq5upk6h', 1, 4, 0, 0),
	(47, 'ltdjphsvvqqr6625avdcrf46qc', 1, 4, 0, 0),
	(48, 'o470pgm3khok090h0v2tumtsvb', 3, 4, 0, 0),
	(49, 'rf60mcfapvm925nbobc7da9enl', 1, 4, 0, 0),
	(50, '0se85vu26ejpqabi13ukmvg1kg', 1, 4, 0, 0),
	(51, 'kfdp9f829um74ec3m1kaeh9pg0', 1, 4, 0, 0),
	(52, 'gf4s6s153bbamf8lpfkddtv3vn', 1, 4, 0, 0),
	(53, 'lg1ol717ipbj8lfncj9ij3ohjn', 1, 4, 0, 0),
	(54, 'm6scntth9iqch1ncf6n552vtlh', 1, 4, 0, 0),
	(55, '69c9592otlebct9qk1e6okhc6q', 1, 4, 0, 0),
	(56, 'r9q6qbuk6bij1oet74289skdfo', 1, 4, 0, 0),
	(57, 'iulje56sfq6ae16fsh1mmbf5de', 1, 4, 0, 0),
	(58, '3903o0njhikg8g36q3qt94o3c4', 1, 4, 0, 0),
	(59, 'o35958vbfu0dmjbm7hditgbab8', 1, 4, 0, 0),
	(60, 'fpd4fr9oh867eoj84b7tb5sv2r', 2, 4, 0, 0),
	(61, 'at7nsspld2t0jeaargiaeqn383', 1, 4, 0, 0),
	(62, '1v3qi9gs53bugucusipcapfjrn', 4, 4, 1, 0),
	(63, 'inak6lt73th10rfp4hrhin9s0i', 1, 4, 0, 0),
	(64, 'tf055dvkekdnjcptfq44i1eur6', 4, 4, 0, 0),
	(65, '02qfvo5n9hvcmu35888jpdo670', 1, 4, 0, 0),
	(66, '6jtd2dn0q215nblstr94rkvm71', 1, 4, 0, 0),
	(67, '7oskpjsh3so0mgro98je2antd6', 1, 4, 1, 0),
	(68, 'n9rkjbuhoel0rpo3j5sluvpgao', 2, 4, 0, 0),
	(69, '344u39ofa99g1dg7v0m68op6hc', 1, 4, 0, 0),
	(70, '0ja4f66tq3mamuja5073egrigk', 4, 4, 0, 0),
	(71, 'o797ef46ceocfvuon1ul3708ip', 1, 4, 0, 0),
	(72, 'sftbuu5ogk4tb63m4d2us8fck7', 1, 4, 0, 0),
	(73, 'd9ajr81d9gu5u7nbq1gr6kn7qj', 3, 4, 0, 0),
	(74, '0i7q7c4kfflu7vac4fqi2scium', 2, 4, 0, 0),
	(75, 'h57qta5t7lelu2pb6ro3i6l6fh', 2, 4, 0, 0),
	(76, 'fdc6q87kjac0u3e36bj1agrrki', 1, 4, 0, 0),
	(77, 'nj5mji2b52b7vo387e8euqjhnk', 2, 4, 0, 0),
	(78, 'nps4nehf7u7ouu4gs8f5l80cn6', 1, 4, 0, 0),
	(79, 'v6vj081n75od34scfio897na1b', 4, 4, 1, 0),
	(80, 'k7okblb5htllv8hrk4jiovtgli', 1, 4, 0, 0),
	(81, '4jcn11s4k6fm6a3s7jb4luh9vi', 1, 4, 0, 0),
	(82, 'o7h4v772bilg7vito77pbe1i4d', 1, 4, 1, 0),
	(83, 'pene4ep6k04ivfui1en50rkvu2', 2, 4, 1, 0),
	(84, 'ee6uau3ehoumitd3ejqs52ar17', 1, 4, 0, 0),
	(85, 'rfnsabi0mb70bqn3gom883s7hr', 1, 4, 1, 0),
	(86, 'rtngkfqc25idctkvv07abe08r3', 2, 4, 0, 0),
	(87, 'rbfbm6gk40c4nmm1diiddfvc9f', 2, 4, 0, 0),
	(88, '6p4a4gqf5687fr4pgdc5c3blb1', 1, 4, 0, 0),
	(89, 'lab9juocc3epf01qvuhkk8dhtg', 1, 4, 1, 0),
	(90, 'bbs4cm20bt1igf4oirfu9beb2a', 1, 4, 1, 0),
	(91, 'bo5jhi5tmfn596mkg84abj1qbp', 3, 4, 1, 0),
	(92, 'him45g95qkuejee2k3keloihdm', 3, 4, 1, 0),
	(93, 'cuvpq1qhv7drdgrkca02pbpl20', 1, 4, 0, 0),
	(94, 'cuvpq1qhv7drdgrkca02pbpl20', 1, 4, 0, 0),
	(95, 'cuvpq1qhv7drdgrkca02pbpl20', 1, 4, 0, 0),
	(96, 'cuvpq1qhv7drdgrkca02pbpl20', 1, 4, 0, 0),
	(97, 'cuvpq1qhv7drdgrkca02pbpl20', 1, 4, 0, 0),
	(98, 'cuvpq1qhv7drdgrkca02pbpl20', 1, 4, 0, 0),
	(99, 'nk9fu154ot7vpi5te7gecs0e3b', 1, 4, 0, 0),
	(100, 'nk9fu154ot7vpi5te7gecs0e3b', 1, 4, 0, 0),
	(101, 'nkmhheguqtl147qriemcls232g', 1, 4, 1, 0),
	(102, 'nkmhheguqtl147qriemcls232g', 1, 4, 0, 0),
	(103, 'nkmhheguqtl147qriemcls232g', 1, 4, 0, 0),
	(104, 'nkmhheguqtl147qriemcls232g', 1, 4, 0, 0),
	(105, 'nkmhheguqtl147qriemcls232g', 1, 4, 0, 0),
	(106, 'nkmhheguqtl147qriemcls232g', 1, 4, 0, 0),
	(107, 'nkmhheguqtl147qriemcls232g', 1, 4, 0, 0),
	(108, 'nkmhheguqtl147qriemcls232g', 1, 4, 0, 0),
	(109, 'nkmhheguqtl147qriemcls232g', 1, 4, 0, 0),
	(110, 'nkmhheguqtl147qriemcls232g', 1, 4, 0, 0),
	(111, 'kqhv150rhphnkpmam7s6lsrv61', 2, 4, 1, 0),
	(112, 'kqhv150rhphnkpmam7s6lsrv61', 1, 4, 0, 0),
	(113, 'kqhv150rhphnkpmam7s6lsrv61', 1, 4, 0, 0),
	(114, 'kqhv150rhphnkpmam7s6lsrv61', 1, 4, 0, 0),
	(115, 'kqhv150rhphnkpmam7s6lsrv61', 1, 4, 0, 0),
	(116, 'kqhv150rhphnkpmam7s6lsrv61', 1, 4, 0, 0),
	(117, 'kqhv150rhphnkpmam7s6lsrv61', 1, 4, 0, 0),
	(118, 'kqhv150rhphnkpmam7s6lsrv61', 1, 4, 0, 0),
	(119, 'kqhv150rhphnkpmam7s6lsrv61', 1, 4, 0, 0),
	(120, 'kqhv150rhphnkpmam7s6lsrv61', 1, 4, 0, 0),
	(121, 'kqhv150rhphnkpmam7s6lsrv61', 1, 4, 0, 0),
	(122, 'kqhv150rhphnkpmam7s6lsrv61', 1, 4, 0, 0),
	(123, 'qreu38b4o80e2hf30ctq9jbdcj', 4, 4, 0, 0),
	(124, 'qreu38b4o80e2hf30ctq9jbdcj', 1, 4, 0, 0),
	(125, 'qreu38b4o80e2hf30ctq9jbdcj', 1, 4, 0, 0),
	(126, 'qreu38b4o80e2hf30ctq9jbdcj', 1, 4, 0, 0),
	(127, 'qreu38b4o80e2hf30ctq9jbdcj', 1, 4, 0, 0),
	(128, 'qreu38b4o80e2hf30ctq9jbdcj', 1, 4, 0, 0),
	(129, 'qreu38b4o80e2hf30ctq9jbdcj', 1, 4, 0, 0),
	(130, 'qreu38b4o80e2hf30ctq9jbdcj', 1, 4, 0, 0),
	(131, 'qreu38b4o80e2hf30ctq9jbdcj', 1, 4, 0, 0),
	(132, 'qreu38b4o80e2hf30ctq9jbdcj', 1, 4, 0, 0),
	(133, 'qreu38b4o80e2hf30ctq9jbdcj', 1, 4, 0, 0),
	(134, 'qreu38b4o80e2hf30ctq9jbdcj', 1, 4, 0, 0),
	(135, '3e9lgum74pqpdugqa99fus6dq9', 1, 4, 0, 0),
	(136, 'qreu38b4o80e2hf30ctq9jbdcj', 1, 4, 0, 0),
	(137, 'qreu38b4o80e2hf30ctq9jbdcj', 1, 4, 0, 0),
	(138, 'qreu38b4o80e2hf30ctq9jbdcj', 1, 4, 0, 0),
	(139, 'qreu38b4o80e2hf30ctq9jbdcj', 1, 4, 0, 0),
	(140, 'qreu38b4o80e2hf30ctq9jbdcj', 1, 4, 0, 0),
	(141, 'qreu38b4o80e2hf30ctq9jbdcj', 1, 4, 0, 0),
	(142, 'qreu38b4o80e2hf30ctq9jbdcj', 1, 4, 0, 0),
	(143, 'qreu38b4o80e2hf30ctq9jbdcj', 1, 4, 0, 0),
	(144, 'qreu38b4o80e2hf30ctq9jbdcj', 1, 4, 0, 0),
	(145, 'qreu38b4o80e2hf30ctq9jbdcj', 1, 4, 0, 0),
	(146, 'qreu38b4o80e2hf30ctq9jbdcj', 1, 4, 0, 0),
	(147, 'qreu38b4o80e2hf30ctq9jbdcj', 1, 4, 0, 0),
	(148, '06pg1mspbit6t3du3dkmrbpuqp', 1, 4, 1, 0),
	(149, 'qreu38b4o80e2hf30ctq9jbdcj', 1, 4, 0, 0),
	(150, 'qreu38b4o80e2hf30ctq9jbdcj', 1, 4, 0, 0),
	(151, 'qreu38b4o80e2hf30ctq9jbdcj', 1, 4, 0, 0),
	(152, 'qreu38b4o80e2hf30ctq9jbdcj', 1, 4, 0, 0),
	(153, 'qreu38b4o80e2hf30ctq9jbdcj', 1, 4, 0, 0),
	(154, 'qreu38b4o80e2hf30ctq9jbdcj', 1, 4, 0, 0),
	(155, 'qreu38b4o80e2hf30ctq9jbdcj', 1, 4, 0, 0),
	(156, 'qreu38b4o80e2hf30ctq9jbdcj', 1, 4, 0, 0),
	(157, 'qreu38b4o80e2hf30ctq9jbdcj', 1, 4, 0, 0),
	(158, 'qreu38b4o80e2hf30ctq9jbdcj', 1, 4, 0, 0),
	(159, 'qreu38b4o80e2hf30ctq9jbdcj', 1, 4, 0, 0),
	(160, 'qreu38b4o80e2hf30ctq9jbdcj', 1, 4, 0, 0),
	(161, 'qreu38b4o80e2hf30ctq9jbdcj', 1, 4, 0, 0),
	(162, 'qreu38b4o80e2hf30ctq9jbdcj', 1, 4, 0, 0),
	(163, 'qreu38b4o80e2hf30ctq9jbdcj', 1, 4, 0, 0),
	(164, 'qreu38b4o80e2hf30ctq9jbdcj', 1, 4, 0, 0),
	(165, 'qreu38b4o80e2hf30ctq9jbdcj', 1, 4, 0, 0),
	(166, 'qreu38b4o80e2hf30ctq9jbdcj', 1, 4, 0, 0),
	(167, 'qreu38b4o80e2hf30ctq9jbdcj', 1, 4, 0, 0),
	(168, 'qreu38b4o80e2hf30ctq9jbdcj', 1, 4, 0, 0),
	(169, 'qreu38b4o80e2hf30ctq9jbdcj', 1, 4, 0, 0),
	(170, 'qreu38b4o80e2hf30ctq9jbdcj', 1, 4, 0, 0),
	(171, 'qreu38b4o80e2hf30ctq9jbdcj', 1, 4, 0, 0),
	(172, 'qreu38b4o80e2hf30ctq9jbdcj', 1, 4, 0, 0),
	(173, 'qreu38b4o80e2hf30ctq9jbdcj', 1, 4, 0, 0),
	(174, 'qreu38b4o80e2hf30ctq9jbdcj', 1, 4, 0, 0),
	(175, 'qreu38b4o80e2hf30ctq9jbdcj', 1, 4, 0, 0),
	(176, 'qreu38b4o80e2hf30ctq9jbdcj', 1, 4, 0, 0),
	(177, 'qreu38b4o80e2hf30ctq9jbdcj', 1, 4, 0, 0),
	(178, 'qreu38b4o80e2hf30ctq9jbdcj', 1, 4, 0, 0),
	(179, 'qreu38b4o80e2hf30ctq9jbdcj', 1, 4, 0, 0),
	(180, 'qreu38b4o80e2hf30ctq9jbdcj', 1, 4, 0, 0),
	(181, 'qreu38b4o80e2hf30ctq9jbdcj', 1, 4, 0, 0),
	(182, 'qreu38b4o80e2hf30ctq9jbdcj', 1, 4, 0, 0),
	(183, 'qreu38b4o80e2hf30ctq9jbdcj', 1, 4, 0, 0),
	(184, 'qreu38b4o80e2hf30ctq9jbdcj', 1, 4, 0, 0),
	(185, 'qreu38b4o80e2hf30ctq9jbdcj', 1, 4, 0, 0),
	(186, 'qreu38b4o80e2hf30ctq9jbdcj', 1, 4, 0, 0),
	(187, 'qreu38b4o80e2hf30ctq9jbdcj', 1, 4, 0, 0),
	(188, 'qreu38b4o80e2hf30ctq9jbdcj', 1, 4, 0, 0),
	(189, 'qreu38b4o80e2hf30ctq9jbdcj', 1, 4, 0, 0),
	(190, 'qreu38b4o80e2hf30ctq9jbdcj', 1, 4, 0, 0),
	(191, 'qreu38b4o80e2hf30ctq9jbdcj', 1, 4, 0, 0),
	(192, 'qreu38b4o80e2hf30ctq9jbdcj', 1, 4, 0, 0),
	(193, 'qreu38b4o80e2hf30ctq9jbdcj', 1, 4, 0, 0),
	(194, 'qreu38b4o80e2hf30ctq9jbdcj', 1, 4, 0, 0),
	(195, 'qreu38b4o80e2hf30ctq9jbdcj', 1, 4, 0, 0),
	(196, 'qreu38b4o80e2hf30ctq9jbdcj', 1, 4, 0, 0),
	(197, 'qreu38b4o80e2hf30ctq9jbdcj', 1, 4, 0, 0),
	(198, 'qreu38b4o80e2hf30ctq9jbdcj', 1, 4, 0, 0),
	(199, 'qreu38b4o80e2hf30ctq9jbdcj', 1, 4, 0, 0),
	(200, 'qreu38b4o80e2hf30ctq9jbdcj', 1, 4, 0, 0),
	(201, 'qreu38b4o80e2hf30ctq9jbdcj', 1, 4, 0, 0),
	(202, 'qreu38b4o80e2hf30ctq9jbdcj', 1, 4, 0, 0),
	(203, 'qreu38b4o80e2hf30ctq9jbdcj', 1, 4, 0, 0),
	(204, 'qreu38b4o80e2hf30ctq9jbdcj', 1, 4, 0, 0),
	(205, 'qreu38b4o80e2hf30ctq9jbdcj', 1, 4, 0, 0),
	(206, 'qreu38b4o80e2hf30ctq9jbdcj', 1, 4, 0, 0),
	(207, 'qreu38b4o80e2hf30ctq9jbdcj', 1, 4, 0, 0),
	(208, 'qreu38b4o80e2hf30ctq9jbdcj', 1, 4, 0, 0),
	(209, 'qreu38b4o80e2hf30ctq9jbdcj', 1, 4, 0, 0),
	(210, 'qreu38b4o80e2hf30ctq9jbdcj', 1, 4, 0, 0),
	(211, 'qreu38b4o80e2hf30ctq9jbdcj', 1, 4, 0, 0),
	(212, 'qreu38b4o80e2hf30ctq9jbdcj', 1, 4, 0, 0),
	(213, 'mm3sho4tr7t96bm03l4aj8lak6', 2, 4, 1, 0),
	(214, 'mm3sho4tr7t96bm03l4aj8lak6', 1, 4, 0, 0),
	(215, 'mm3sho4tr7t96bm03l4aj8lak6', 1, 4, 0, 0),
	(216, 'mm3sho4tr7t96bm03l4aj8lak6', 1, 4, 0, 0),
	(217, 'mm3sho4tr7t96bm03l4aj8lak6', 1, 4, 0, 0),
	(218, 'mm3sho4tr7t96bm03l4aj8lak6', 1, 4, 0, 0),
	(219, 'mm3sho4tr7t96bm03l4aj8lak6', 1, 4, 0, 0),
	(220, 'mm3sho4tr7t96bm03l4aj8lak6', 1, 4, 0, 0),
	(221, 'mm3sho4tr7t96bm03l4aj8lak6', 1, 4, 0, 0),
	(222, 'mm3sho4tr7t96bm03l4aj8lak6', 1, 4, 0, 0),
	(223, 'mm3sho4tr7t96bm03l4aj8lak6', 1, 4, 0, 0),
	(224, 'mm3sho4tr7t96bm03l4aj8lak6', 1, 4, 0, 0),
	(225, 'mm3sho4tr7t96bm03l4aj8lak6', 1, 4, 0, 0),
	(226, 'tl0te8pbgooipc7rfn376rkag0', 3, 4, 1, 0),
	(227, 'tl0te8pbgooipc7rfn376rkag0', 1, 4, 0, 0),
	(228, 'tl0te8pbgooipc7rfn376rkag0', 1, 4, 0, 0),
	(229, 'tl0te8pbgooipc7rfn376rkag0', 1, 4, 0, 0),
	(230, 'tl0te8pbgooipc7rfn376rkag0', 1, 4, 0, 0),
	(231, 'tl0te8pbgooipc7rfn376rkag0', 1, 4, 0, 0),
	(232, 'tl0te8pbgooipc7rfn376rkag0', 1, 4, 0, 0),
	(233, 'tl0te8pbgooipc7rfn376rkag0', 1, 4, 0, 0),
	(234, 'tl0te8pbgooipc7rfn376rkag0', 1, 4, 0, 0),
	(235, 'tl0te8pbgooipc7rfn376rkag0', 1, 4, 0, 0),
	(236, 'tl0te8pbgooipc7rfn376rkag0', 1, 4, 0, 0),
	(237, 'tl0te8pbgooipc7rfn376rkag0', 1, 4, 0, 0),
	(238, 'cus98v9ggsbu5bqmat3fnl88ad', 3, 4, 1, 0),
	(239, 'cus98v9ggsbu5bqmat3fnl88ad', 1, 4, 0, 0),
	(240, 'cus98v9ggsbu5bqmat3fnl88ad', 1, 4, 0, 0),
	(241, 'cus98v9ggsbu5bqmat3fnl88ad', 1, 4, 0, 0),
	(242, 'cus98v9ggsbu5bqmat3fnl88ad', 1, 4, 0, 0),
	(243, 'cus98v9ggsbu5bqmat3fnl88ad', 1, 4, 0, 0),
	(244, 'cus98v9ggsbu5bqmat3fnl88ad', 1, 4, 0, 0),
	(245, 'cus98v9ggsbu5bqmat3fnl88ad', 1, 4, 0, 0),
	(246, 'cus98v9ggsbu5bqmat3fnl88ad', 1, 4, 0, 0),
	(247, 'cus98v9ggsbu5bqmat3fnl88ad', 1, 4, 0, 0),
	(248, 'cus98v9ggsbu5bqmat3fnl88ad', 1, 4, 0, 0),
	(249, 'cus98v9ggsbu5bqmat3fnl88ad', 1, 4, 0, 0),
	(250, '808alu63jqhj71l8svu72simig', 2, 4, 1, 0),
	(251, '808alu63jqhj71l8svu72simig', 1, 4, 0, 0),
	(252, '808alu63jqhj71l8svu72simig', 1, 4, 0, 0),
	(253, '808alu63jqhj71l8svu72simig', 1, 4, 0, 0),
	(254, '808alu63jqhj71l8svu72simig', 1, 4, 0, 0),
	(255, '808alu63jqhj71l8svu72simig', 1, 4, 0, 0),
	(256, '808alu63jqhj71l8svu72simig', 1, 4, 0, 0),
	(257, '1rn825c9vbl2nrpoehln8tn5e7', 1, 4, 1, 0),
	(258, '1rn825c9vbl2nrpoehln8tn5e7', 1, 4, 0, 0),
	(259, '1rn825c9vbl2nrpoehln8tn5e7', 1, 4, 0, 0),
	(260, '1rn825c9vbl2nrpoehln8tn5e7', 1, 4, 0, 0),
	(261, '1rn825c9vbl2nrpoehln8tn5e7', 1, 4, 0, 0),
	(262, 'jtn55ndjkgmhop5l19uu5im8i8', 2, 4, 0, 0),
	(263, 'jtn55ndjkgmhop5l19uu5im8i8', 1, 4, 0, 0),
	(264, 'jtn55ndjkgmhop5l19uu5im8i8', 1, 4, 0, 0),
	(265, 'jtn55ndjkgmhop5l19uu5im8i8', 1, 4, 0, 0),
	(266, 'jtn55ndjkgmhop5l19uu5im8i8', 1, 4, 0, 0),
	(267, 'jtn55ndjkgmhop5l19uu5im8i8', 1, 4, 0, 0),
	(268, 'jtn55ndjkgmhop5l19uu5im8i8', 1, 4, 0, 0),
	(269, 'jtn55ndjkgmhop5l19uu5im8i8', 1, 4, 0, 0),
	(270, 'ec6p3d0ikp6t4rdlpb0ptcre43', 1, 4, 0, 0),
	(271, 'ec6p3d0ikp6t4rdlpb0ptcre43', 1, 4, 0, 0),
	(272, 'ec6p3d0ikp6t4rdlpb0ptcre43', 1, 4, 0, 0),
	(273, 'ec6p3d0ikp6t4rdlpb0ptcre43', 1, 4, 0, 0),
	(274, 'ec6p3d0ikp6t4rdlpb0ptcre43', 1, 4, 0, 0),
	(275, 'ec6p3d0ikp6t4rdlpb0ptcre43', 1, 4, 0, 0),
	(276, 'ec6p3d0ikp6t4rdlpb0ptcre43', 1, 4, 0, 0),
	(277, 'ec6p3d0ikp6t4rdlpb0ptcre43', 1, 4, 0, 0),
	(278, 'ec6p3d0ikp6t4rdlpb0ptcre43', 1, 4, 0, 0),
	(279, 'ec6p3d0ikp6t4rdlpb0ptcre43', 1, 4, 0, 0),
	(280, 'ec6p3d0ikp6t4rdlpb0ptcre43', 1, 4, 0, 0),
	(281, 'ec6p3d0ikp6t4rdlpb0ptcre43', 1, 4, 0, 0),
	(282, 'ec6p3d0ikp6t4rdlpb0ptcre43', 1, 4, 0, 0),
	(283, 'ec6p3d0ikp6t4rdlpb0ptcre43', 1, 4, 0, 0),
	(284, 'ec6p3d0ikp6t4rdlpb0ptcre43', 1, 4, 0, 0),
	(285, 'ec6p3d0ikp6t4rdlpb0ptcre43', 1, 4, 0, 0),
	(286, 'ec6p3d0ikp6t4rdlpb0ptcre43', 1, 4, 0, 0),
	(287, 'ec6p3d0ikp6t4rdlpb0ptcre43', 1, 4, 0, 0),
	(288, 'ec6p3d0ikp6t4rdlpb0ptcre43', 1, 4, 0, 0),
	(289, 'ec6p3d0ikp6t4rdlpb0ptcre43', 1, 4, 0, 0),
	(290, 'ec6p3d0ikp6t4rdlpb0ptcre43', 1, 4, 0, 0),
	(291, 'pt0tttjls4avar97iovvcic7rc', 3, 4, 1, 0),
	(292, 'pt0tttjls4avar97iovvcic7rc', 1, 4, 0, 0),
	(293, 'pt0tttjls4avar97iovvcic7rc', 1, 4, 0, 0),
	(294, 'pt0tttjls4avar97iovvcic7rc', 1, 4, 0, 0),
	(295, 'pt0tttjls4avar97iovvcic7rc', 1, 4, 0, 0),
	(296, 'pt0tttjls4avar97iovvcic7rc', 1, 4, 0, 0),
	(297, 'pt0tttjls4avar97iovvcic7rc', 1, 4, 0, 0),
	(298, 'pt0tttjls4avar97iovvcic7rc', 1, 4, 0, 0),
	(299, 'pt0tttjls4avar97iovvcic7rc', 1, 4, 0, 0),
	(300, 'pt0tttjls4avar97iovvcic7rc', 1, 4, 0, 0),
	(301, 'pt0tttjls4avar97iovvcic7rc', 1, 4, 0, 0),
	(302, '2kkam24alvc7281iiiu6p8ecai', 2, 4, 1, 0),
	(303, '2kkam24alvc7281iiiu6p8ecai', 1, 4, 0, 0),
	(304, '2kkam24alvc7281iiiu6p8ecai', 1, 4, 0, 0),
	(305, '2kkam24alvc7281iiiu6p8ecai', 1, 4, 0, 0),
	(306, '2kkam24alvc7281iiiu6p8ecai', 1, 4, 0, 0),
	(307, '2kkam24alvc7281iiiu6p8ecai', 1, 4, 0, 0),
	(308, '2kkam24alvc7281iiiu6p8ecai', 1, 4, 0, 0),
	(309, '2kkam24alvc7281iiiu6p8ecai', 1, 4, 0, 0),
	(310, '2kkam24alvc7281iiiu6p8ecai', 1, 4, 0, 0),
	(311, 'mjqhapjk0tocmrbrbo65ug7e6k', 2, 4, 1, 0),
	(312, 'mjqhapjk0tocmrbrbo65ug7e6k', 1, 4, 0, 0),
	(313, 'mjqhapjk0tocmrbrbo65ug7e6k', 1, 4, 0, 0),
	(314, 'mjqhapjk0tocmrbrbo65ug7e6k', 1, 4, 0, 0),
	(315, 'mjqhapjk0tocmrbrbo65ug7e6k', 1, 4, 0, 0),
	(316, 'mjqhapjk0tocmrbrbo65ug7e6k', 1, 4, 0, 0),
	(317, 'mjqhapjk0tocmrbrbo65ug7e6k', 1, 4, 0, 0),
	(318, 'mjqhapjk0tocmrbrbo65ug7e6k', 1, 4, 0, 0),
	(319, 'mjqhapjk0tocmrbrbo65ug7e6k', 1, 4, 0, 0),
	(320, 'mjqhapjk0tocmrbrbo65ug7e6k', 1, 4, 0, 0),
	(321, 'jchl98n8p2hasaag2te7ggkm0r', 2, 4, 1, 0),
	(322, 'jchl98n8p2hasaag2te7ggkm0r', 1, 4, 0, 0),
	(323, 'jchl98n8p2hasaag2te7ggkm0r', 1, 4, 0, 0),
	(324, 'jchl98n8p2hasaag2te7ggkm0r', 1, 4, 0, 0),
	(325, 'jchl98n8p2hasaag2te7ggkm0r', 1, 4, 0, 0),
	(326, 'jchl98n8p2hasaag2te7ggkm0r', 1, 4, 0, 0),
	(327, 'jchl98n8p2hasaag2te7ggkm0r', 1, 4, 0, 0),
	(328, '05e6aiksj3g69a5ah1bkjhp3ip', 1, 4, 1, 0),
	(329, '05e6aiksj3g69a5ah1bkjhp3ip', 1, 4, 0, 0),
	(330, '05e6aiksj3g69a5ah1bkjhp3ip', 1, 4, 0, 0),
	(331, 'mhp03mccassh4rp7cv3o54aree', 1, 4, 1, 0),
	(332, 'mhp03mccassh4rp7cv3o54aree', 1, 4, 0, 0),
	(333, 'mhp03mccassh4rp7cv3o54aree', 1, 4, 0, 0),
	(334, '77jq0ihs6c3mqdevhdbsc2jpbe', 1, 4, 0, 0),
	(335, '77jq0ihs6c3mqdevhdbsc2jpbe', 1, 4, 0, 0),
	(336, '77jq0ihs6c3mqdevhdbsc2jpbe', 1, 4, 0, 0),
	(337, '77jq0ihs6c3mqdevhdbsc2jpbe', 1, 4, 0, 0),
	(338, '21nj05fteef96et2hjmanph82b', 1, 4, 1, 0),
	(339, '21nj05fteef96et2hjmanph82b', 1, 4, 0, 0),
	(340, '21nj05fteef96et2hjmanph82b', 1, 4, 0, 0),
	(341, '21nj05fteef96et2hjmanph82b', 1, 4, 0, 0),
	(342, 'btimk9kdiatm9vdho26sea71kg', 2, 4, 1, 0),
	(343, 'btimk9kdiatm9vdho26sea71kg', 1, 4, 0, 0),
	(344, 'btimk9kdiatm9vdho26sea71kg', 1, 4, 0, 0),
	(345, 'btimk9kdiatm9vdho26sea71kg', 1, 4, 0, 0),
	(346, 'btimk9kdiatm9vdho26sea71kg', 1, 4, 0, 0),
	(347, 'btimk9kdiatm9vdho26sea71kg', 1, 4, 0, 0),
	(348, 'btimk9kdiatm9vdho26sea71kg', 1, 4, 0, 0),
	(349, 'q0r4rf7oab158oic77vtlhp8jg', 2, 4, 1, 0),
	(350, 'q0r4rf7oab158oic77vtlhp8jg', 1, 4, 0, 0),
	(351, 'q0r4rf7oab158oic77vtlhp8jg', 1, 4, 0, 0),
	(352, 'q0r4rf7oab158oic77vtlhp8jg', 1, 4, 0, 0),
	(353, 'q0r4rf7oab158oic77vtlhp8jg', 1, 4, 0, 0),
	(354, 'q0r4rf7oab158oic77vtlhp8jg', 1, 4, 0, 0),
	(355, 'q0r4rf7oab158oic77vtlhp8jg', 1, 4, 0, 0),
	(356, 'vrsp0iph8utmim16l135pob183', 1, 4, 0, 0),
	(357, 'vrsp0iph8utmim16l135pob183', 1, 4, 0, 0),
	(358, 'vrsp0iph8utmim16l135pob183', 1, 4, 0, 0),
	(359, 'vrsp0iph8utmim16l135pob183', 1, 4, 0, 0),
	(360, 'vrsp0iph8utmim16l135pob183', 1, 4, 0, 0),
	(361, 'vrsp0iph8utmim16l135pob183', 1, 4, 0, 0),
	(362, 'vrsp0iph8utmim16l135pob183', 1, 4, 0, 0),
	(363, 'vrsp0iph8utmim16l135pob183', 1, 4, 0, 0),
	(364, 'vrsp0iph8utmim16l135pob183', 1, 4, 0, 0),
	(365, 'vrsp0iph8utmim16l135pob183', 1, 4, 0, 0),
	(366, 'vrsp0iph8utmim16l135pob183', 1, 4, 0, 0),
	(367, 'vrsp0iph8utmim16l135pob183', 1, 4, 0, 0),
	(368, 'vrsp0iph8utmim16l135pob183', 1, 4, 0, 0),
	(369, 'vrsp0iph8utmim16l135pob183', 1, 4, 0, 0),
	(370, 'vrsp0iph8utmim16l135pob183', 1, 4, 0, 0),
	(371, 'vrsp0iph8utmim16l135pob183', 1, 4, 0, 0),
	(372, 'vrsp0iph8utmim16l135pob183', 1, 4, 0, 0),
	(373, 'vrsp0iph8utmim16l135pob183', 1, 4, 0, 0),
	(374, 'vrsp0iph8utmim16l135pob183', 1, 4, 0, 0),
	(375, 'vrsp0iph8utmim16l135pob183', 1, 4, 0, 0),
	(376, 'vrsp0iph8utmim16l135pob183', 1, 4, 0, 0),
	(377, 'vrsp0iph8utmim16l135pob183', 1, 4, 0, 0),
	(378, 'vrsp0iph8utmim16l135pob183', 1, 4, 0, 0),
	(379, 'vrsp0iph8utmim16l135pob183', 1, 4, 0, 0),
	(380, 'vrsp0iph8utmim16l135pob183', 1, 4, 0, 0),
	(381, 'vrsp0iph8utmim16l135pob183', 1, 4, 0, 0),
	(382, 'vrsp0iph8utmim16l135pob183', 1, 4, 0, 0),
	(383, 'vrsp0iph8utmim16l135pob183', 1, 4, 0, 0),
	(384, 'vrsp0iph8utmim16l135pob183', 1, 4, 0, 0),
	(385, '84icikgjgq31t2nce5doi7cgh1', 2, 4, 1, 0),
	(386, '84icikgjgq31t2nce5doi7cgh1', 1, 4, 0, 0),
	(387, '84icikgjgq31t2nce5doi7cgh1', 1, 4, 0, 0),
	(388, '84icikgjgq31t2nce5doi7cgh1', 1, 4, 0, 0),
	(389, '84icikgjgq31t2nce5doi7cgh1', 1, 4, 0, 0),
	(390, '84icikgjgq31t2nce5doi7cgh1', 1, 4, 0, 0),
	(391, '84icikgjgq31t2nce5doi7cgh1', 1, 4, 0, 0),
	(392, '84icikgjgq31t2nce5doi7cgh1', 1, 4, 0, 0),
	(393, '84icikgjgq31t2nce5doi7cgh1', 1, 4, 0, 0),
	(394, '84icikgjgq31t2nce5doi7cgh1', 1, 4, 0, 0),
	(395, '84icikgjgq31t2nce5doi7cgh1', 1, 4, 0, 0),
	(396, '84icikgjgq31t2nce5doi7cgh1', 1, 4, 0, 0),
	(397, '84icikgjgq31t2nce5doi7cgh1', 1, 4, 0, 0),
	(398, '84icikgjgq31t2nce5doi7cgh1', 1, 4, 0, 0),
	(399, '84icikgjgq31t2nce5doi7cgh1', 1, 4, 0, 0),
	(400, 'clikq8gqjba8gv1r03hpbij0qq', 1, 4, 0, 0),
	(401, 'clikq8gqjba8gv1r03hpbij0qq', 1, 4, 0, 0),
	(402, '44alh29uaip6k36ovbf6u1inr2', 1, 4, 0, 0),
	(403, '44alh29uaip6k36ovbf6u1inr2', 1, 4, 0, 0),
	(404, '44alh29uaip6k36ovbf6u1inr2', 1, 4, 0, 0),
	(405, '44alh29uaip6k36ovbf6u1inr2', 1, 4, 0, 0),
	(406, 'itmkg4k8rstrpf4bm2e1fsi1cg', 1, 4, 0, 0),
	(407, 'itmkg4k8rstrpf4bm2e1fsi1cg', 1, 4, 0, 0),
	(408, 'itmkg4k8rstrpf4bm2e1fsi1cg', 1, 4, 0, 0),
	(409, 'itmkg4k8rstrpf4bm2e1fsi1cg', 1, 4, 0, 0),
	(410, 'dsjbct223532qtbqh55ng3220k', 1, 4, 0, 0),
	(411, 'dsjbct223532qtbqh55ng3220k', 1, 4, 0, 0),
	(412, 'f3bnlhbv66nh1c9r8fad5s27cm', 1, 4, 0, 0),
	(413, 'f3bnlhbv66nh1c9r8fad5s27cm', 1, 4, 0, 0),
	(414, 'f3bnlhbv66nh1c9r8fad5s27cm', 1, 4, 0, 0),
	(415, 'k9p7gvta4l1281ujv25sk75n6f', 1, 4, 0, 0),
	(416, 'jb6m9oi8mko8jqiur6fnh58crv', 1, 4, 0, 0),
	(417, '06pg1mspbit6t3du3dkmrbpuqp', 1, 4, 0, 0),
	(418, '06pg1mspbit6t3du3dkmrbpuqp', 1, 4, 0, 0),
	(419, '06pg1mspbit6t3du3dkmrbpuqp', 1, 4, 0, 0),
	(420, '06pg1mspbit6t3du3dkmrbpuqp', 1, 4, 0, 0),
	(421, '06pg1mspbit6t3du3dkmrbpuqp', 1, 4, 0, 0),
	(422, '06pg1mspbit6t3du3dkmrbpuqp', 1, 4, 0, 0),
	(423, '06pg1mspbit6t3du3dkmrbpuqp', 1, 4, 0, 0),
	(424, '06pg1mspbit6t3du3dkmrbpuqp', 1, 4, 0, 0),
	(425, '06pg1mspbit6t3du3dkmrbpuqp', 1, 4, 0, 0),
	(426, '06pg1mspbit6t3du3dkmrbpuqp', 1, 4, 0, 0),
	(427, 'k9p7gvta4l1281ujv25sk75n6f', 1, 4, 0, 0),
	(428, 'gj37faot8hm7gi6g8tu95e0efo', 1, 4, 0, 0),
	(429, '06pg1mspbit6t3du3dkmrbpuqp', 1, 4, 0, 0),
	(430, '06pg1mspbit6t3du3dkmrbpuqp', 1, 4, 0, 0),
	(431, '06pg1mspbit6t3du3dkmrbpuqp', 1, 4, 0, 0),
	(432, '06pg1mspbit6t3du3dkmrbpuqp', 1, 4, 0, 0),
	(433, '06pg1mspbit6t3du3dkmrbpuqp', 1, 4, 0, 0),
	(434, '06pg1mspbit6t3du3dkmrbpuqp', 1, 4, 0, 0),
	(435, 'gj37faot8hm7gi6g8tu95e0efo', 1, 4, 0, 0),
	(436, '06pg1mspbit6t3du3dkmrbpuqp', 1, 4, 0, 0),
	(437, 'gj37faot8hm7gi6g8tu95e0efo', 1, 4, 0, 0),
	(438, 'gj37faot8hm7gi6g8tu95e0efo', 1, 4, 0, 0),
	(439, 'gj37faot8hm7gi6g8tu95e0efo', 1, 4, 0, 0),
	(440, 'gj37faot8hm7gi6g8tu95e0efo', 1, 4, 0, 0),
	(441, '06pg1mspbit6t3du3dkmrbpuqp', 1, 4, 0, 0),
	(442, 'b8s9ofce4s9qo0qo5pqqpotltg', 1, 4, 1, 0),
	(443, '06pg1mspbit6t3du3dkmrbpuqp', 1, 4, 0, 0),
	(444, 'b8s9ofce4s9qo0qo5pqqpotltg', 1, 4, 0, 0),
	(445, '06pg1mspbit6t3du3dkmrbpuqp', 1, 4, 0, 0),
	(446, 'b8s9ofce4s9qo0qo5pqqpotltg', 1, 4, 0, 0),
	(447, 'b8s9ofce4s9qo0qo5pqqpotltg', 1, 4, 0, 0),
	(448, 'b8s9ofce4s9qo0qo5pqqpotltg', 1, 4, 0, 0),
	(449, 'b8s9ofce4s9qo0qo5pqqpotltg', 1, 4, 0, 0),
	(450, 'b8s9ofce4s9qo0qo5pqqpotltg', 1, 4, 0, 0),
	(451, 'b8s9ofce4s9qo0qo5pqqpotltg', 1, 4, 0, 0),
	(452, 'b8s9ofce4s9qo0qo5pqqpotltg', 1, 4, 0, 0),
	(453, 'b8s9ofce4s9qo0qo5pqqpotltg', 1, 4, 0, 0),
	(454, 'b8s9ofce4s9qo0qo5pqqpotltg', 1, 4, 0, 0),
	(455, 'b8s9ofce4s9qo0qo5pqqpotltg', 1, 4, 0, 0),
	(456, 'b8s9ofce4s9qo0qo5pqqpotltg', 1, 4, 0, 0),
	(457, 'b8s9ofce4s9qo0qo5pqqpotltg', 1, 4, 0, 0),
	(458, 'b8s9ofce4s9qo0qo5pqqpotltg', 1, 4, 0, 0),
	(459, 'b8s9ofce4s9qo0qo5pqqpotltg', 1, 4, 0, 0),
	(460, 'b8s9ofce4s9qo0qo5pqqpotltg', 1, 4, 0, 0),
	(461, 'b8s9ofce4s9qo0qo5pqqpotltg', 1, 4, 0, 0),
	(462, 'b8s9ofce4s9qo0qo5pqqpotltg', 1, 4, 0, 0),
	(463, 'b8s9ofce4s9qo0qo5pqqpotltg', 1, 4, 0, 0),
	(464, 'b8s9ofce4s9qo0qo5pqqpotltg', 1, 4, 0, 0),
	(465, 'b8s9ofce4s9qo0qo5pqqpotltg', 1, 4, 0, 0),
	(466, 'b8s9ofce4s9qo0qo5pqqpotltg', 1, 4, 0, 0),
	(467, 'b8s9ofce4s9qo0qo5pqqpotltg', 1, 4, 0, 0),
	(468, 'b8s9ofce4s9qo0qo5pqqpotltg', 1, 4, 0, 0),
	(469, 'b8s9ofce4s9qo0qo5pqqpotltg', 1, 4, 0, 0),
	(470, 'b8s9ofce4s9qo0qo5pqqpotltg', 1, 4, 0, 0),
	(471, 'b8s9ofce4s9qo0qo5pqqpotltg', 1, 4, 0, 0),
	(472, 'b8s9ofce4s9qo0qo5pqqpotltg', 1, 4, 0, 0),
	(473, 'b8s9ofce4s9qo0qo5pqqpotltg', 1, 4, 0, 0),
	(474, 'b8s9ofce4s9qo0qo5pqqpotltg', 1, 4, 0, 0),
	(475, 'b8s9ofce4s9qo0qo5pqqpotltg', 1, 4, 0, 0),
	(476, 'b8s9ofce4s9qo0qo5pqqpotltg', 1, 4, 0, 0),
	(477, 'b8s9ofce4s9qo0qo5pqqpotltg', 1, 4, 0, 0),
	(478, 'b8s9ofce4s9qo0qo5pqqpotltg', 1, 4, 0, 0),
	(479, 'b8s9ofce4s9qo0qo5pqqpotltg', 1, 4, 0, 0),
	(480, 'b8s9ofce4s9qo0qo5pqqpotltg', 1, 4, 0, 0),
	(481, 'sdcsk6i03bu3em86fg38bm0vne', 4, 4, 1, 0),
	(482, '0amsh6u2h6c2p4gl2i8e05l20k', 1, 4, 1, 0),
	(483, '5lu356kictrcj75pqhjboui51k', 1, 4, 0, 0),
	(484, 'smgg1l763scadq418b2pdd56jd', 1, 4, 0, 0),
	(485, 'rsbbsls2haaeneqv4mnrplgvlr', 1, 4, 0, 0),
	(486, 'rsbbsls2haaeneqv4mnrplgvlr', 1, 4, 0, 0);

-- Exportiere Struktur von Tabelle monopoly.player
CREATE TABLE IF NOT EXISTS `player` (
  `id` int NOT NULL AUTO_INCREMENT,
  `gameId` int NOT NULL DEFAULT '0',
  `ingameId` int NOT NULL DEFAULT '0',
  `money` int NOT NULL DEFAULT '1500',
  `position` int NOT NULL DEFAULT '0',
  `sessionId` varchar(255) CHARACTER SET utf8mb4 COLLATE utf8mb4_general_ci NOT NULL DEFAULT '0',
  PRIMARY KEY (`id`)
) ENGINE=InnoDB AUTO_INCREMENT=1793 DEFAULT CHARSET=utf8mb4 COLLATE=utf8mb4_general_ci;

-- Exportiere Daten aus Tabelle monopoly.player: ~1.792 rows (ungefähr)
INSERT INTO `player` (`id`, `gameId`, `ingameId`, `money`, `position`, `sessionId`) VALUES
	(1, 28, 1, 1500, 0, 'eprkgvlgqa0pi1gf7d0fbuo3dd'),
	(2, 28, 2, 1500, 0, 'eprkgvlgqa0pi1gf7d0fbuo3dd'),
	(3, 28, 3, 1500, 0, 'eprkgvlgqa0pi1gf7d0fbuo3dd'),
	(4, 28, 4, 1500, 0, 'eprkgvlgqa0pi1gf7d0fbuo3dd'),
	(5, 29, 1, 1500, 0, '3a5ljqfituhk4egrh8ojs4jkvb'),
	(6, 29, 2, 1500, 0, '3a5ljqfituhk4egrh8ojs4jkvb'),
	(7, 29, 3, 1500, 0, '3a5ljqfituhk4egrh8ojs4jkvb'),
	(8, 29, 4, 1500, 0, '3a5ljqfituhk4egrh8ojs4jkvb'),
	(9, 30, 1, 1500, 0, 'tbggrn0h14gru0r0d43immof8j'),
	(10, 30, 2, 1500, 0, 'tbggrn0h14gru0r0d43immof8j'),
	(11, 30, 3, 1500, 0, 'tbggrn0h14gru0r0d43immof8j'),
	(12, 30, 4, 1500, 0, 'tbggrn0h14gru0r0d43immof8j'),
	(13, 31, 1, 1500, 0, 'u1d26jacc60mvvsp28c01bu3av'),
	(14, 31, 2, 1500, 0, 'u1d26jacc60mvvsp28c01bu3av'),
	(15, 31, 3, 1500, 0, 'u1d26jacc60mvvsp28c01bu3av'),
	(16, 31, 4, 1500, 0, 'u1d26jacc60mvvsp28c01bu3av'),
	(17, 32, 1, 1500, 0, '9mt0573fq41p322duphevaan4a'),
	(18, 32, 2, 1500, 0, '9mt0573fq41p322duphevaan4a'),
	(19, 32, 3, 1500, 0, '9mt0573fq41p322duphevaan4a'),
	(20, 32, 4, 1500, 0, '9mt0573fq41p322duphevaan4a'),
	(21, 33, 1, 1500, 0, '4m46rohs3l4fi2coljcs35iaqc'),
	(22, 33, 2, 1500, 0, '4m46rohs3l4fi2coljcs35iaqc'),
	(23, 33, 3, 1500, 0, '4m46rohs3l4fi2coljcs35iaqc'),
	(24, 33, 4, 1500, 0, '4m46rohs3l4fi2coljcs35iaqc'),
	(25, 34, 1, 1500, 0, 'kkq6vrtmiorjibdloou90remnh'),
	(26, 34, 2, 1500, 0, 'kkq6vrtmiorjibdloou90remnh'),
	(27, 34, 3, 1500, 0, 'kkq6vrtmiorjibdloou90remnh'),
	(28, 34, 4, 1500, 0, 'kkq6vrtmiorjibdloou90remnh'),
	(29, 35, 1, 1500, 0, 'cuu20f6l8slsk7jdl7ip3ef9nu'),
	(30, 35, 2, 1500, 0, 'cuu20f6l8slsk7jdl7ip3ef9nu'),
	(31, 35, 3, 1500, 0, 'cuu20f6l8slsk7jdl7ip3ef9nu'),
	(32, 35, 4, 1500, 0, 'cuu20f6l8slsk7jdl7ip3ef9nu'),
	(33, 36, 1, 1500, 0, 'sqtmerr36q9pkr4s8am74fb3sv'),
	(34, 36, 2, 1500, 0, 'sqtmerr36q9pkr4s8am74fb3sv'),
	(35, 36, 3, 1500, 0, 'sqtmerr36q9pkr4s8am74fb3sv'),
	(36, 36, 4, 1500, 0, 'sqtmerr36q9pkr4s8am74fb3sv'),
	(37, 37, 1, 1500, 0, 'm0rr335vu5aol8qgjtc9kr5ck6'),
	(38, 37, 2, 1500, 0, 'm0rr335vu5aol8qgjtc9kr5ck6'),
	(39, 37, 3, 1500, 0, 'm0rr335vu5aol8qgjtc9kr5ck6'),
	(40, 37, 4, 1500, 0, 'm0rr335vu5aol8qgjtc9kr5ck6'),
	(41, 38, 1, 1500, 0, '683lcvlg62fd83g43anoeldh2d'),
	(42, 38, 2, 1260, 24, '683lcvlg62fd83g43anoeldh2d'),
	(43, 38, 3, 1500, 0, '683lcvlg62fd83g43anoeldh2d'),
	(44, 38, 4, 1500, 0, '683lcvlg62fd83g43anoeldh2d'),
	(45, 41, 1, 900, 24, 'l80rf435c27sl33472r8mss3uh'),
	(46, 41, 2, 1500, 0, 'l80rf435c27sl33472r8mss3uh'),
	(47, 41, 3, 1500, 0, 'l80rf435c27sl33472r8mss3uh'),
	(48, 41, 4, 1500, 0, 'l80rf435c27sl33472r8mss3uh'),
	(49, 43, 1, 1260, 24, 'vj42m77gnn71ep0s7u04omg40i'),
	(50, 43, 2, 1500, 0, 'vj42m77gnn71ep0s7u04omg40i'),
	(51, 43, 3, 1500, 0, 'vj42m77gnn71ep0s7u04omg40i'),
	(52, 43, 4, 1500, 0, 'vj42m77gnn71ep0s7u04omg40i'),
	(53, 44, 1, 1500, 9, '9ejja897fssss65s2a68lc5so0'),
	(54, 44, 2, 1500, 0, '9ejja897fssss65s2a68lc5so0'),
	(55, 44, 3, 1500, 0, '9ejja897fssss65s2a68lc5so0'),
	(56, 44, 4, 1500, 0, '9ejja897fssss65s2a68lc5so0'),
	(57, 45, 1, 1500, 0, 'gs31qd6r8905pad1719ieb24l5'),
	(58, 45, 2, 1500, 0, 'gs31qd6r8905pad1719ieb24l5'),
	(59, 45, 3, 1500, 0, 'gs31qd6r8905pad1719ieb24l5'),
	(60, 45, 4, 1500, 0, 'gs31qd6r8905pad1719ieb24l5'),
	(61, 46, 1, 1260, 24, 'ncutra053pir6o4gjagq5upk6h'),
	(62, 46, 2, 1500, 0, 'ncutra053pir6o4gjagq5upk6h'),
	(63, 46, 3, 1500, 0, 'ncutra053pir6o4gjagq5upk6h'),
	(64, 46, 4, 1500, 0, 'ncutra053pir6o4gjagq5upk6h'),
	(65, 48, 1, 1500, 9, 'o470pgm3khok090h0v2tumtsvb'),
	(66, 48, 2, 1500, 9, 'o470pgm3khok090h0v2tumtsvb'),
	(67, 48, 3, 1500, 20, 'o470pgm3khok090h0v2tumtsvb'),
	(68, 48, 4, 1500, 33, 'o470pgm3khok090h0v2tumtsvb'),
	(69, 49, 1, 512, 37, 'rf60mcfapvm925nbobc7da9enl'),
	(70, 49, 2, 1500, 0, 'rf60mcfapvm925nbobc7da9enl'),
	(71, 49, 3, 1500, 0, 'rf60mcfapvm925nbobc7da9enl'),
	(72, 49, 4, 1500, 0, 'rf60mcfapvm925nbobc7da9enl'),
	(73, 51, 1, 1260, 27, 'kfdp9f829um74ec3m1kaeh9pg0'),
	(74, 51, 2, 1500, 0, 'kfdp9f829um74ec3m1kaeh9pg0'),
	(75, 51, 3, 1500, 0, 'kfdp9f829um74ec3m1kaeh9pg0'),
	(76, 51, 4, 1500, 0, 'kfdp9f829um74ec3m1kaeh9pg0'),
	(77, 52, 1, 1140, 24, 'gf4s6s153bbamf8lpfkddtv3vn'),
	(78, 52, 2, 1500, 0, 'gf4s6s153bbamf8lpfkddtv3vn'),
	(79, 52, 3, 1500, 0, 'gf4s6s153bbamf8lpfkddtv3vn'),
	(80, 52, 4, 1500, 0, 'gf4s6s153bbamf8lpfkddtv3vn'),
	(81, 53, 1, 1400, 17, 'lg1ol717ipbj8lfncj9ij3ohjn'),
	(82, 53, 2, 1500, 0, 'lg1ol717ipbj8lfncj9ij3ohjn'),
	(83, 53, 3, 1500, 0, 'lg1ol717ipbj8lfncj9ij3ohjn'),
	(84, 53, 4, 1500, 0, 'lg1ol717ipbj8lfncj9ij3ohjn'),
	(85, 55, 1, 100, 39, '69c9592otlebct9qk1e6okhc6q'),
	(86, 55, 2, 1500, 0, '69c9592otlebct9qk1e6okhc6q'),
	(87, 55, 3, 1500, 0, '69c9592otlebct9qk1e6okhc6q'),
	(88, 55, 4, 1500, 0, '69c9592otlebct9qk1e6okhc6q'),
	(89, 56, 1, 7799215, 18, 'r9q6qbuk6bij1oet74289skdfo'),
	(90, 56, 2, 1500, 0, 'r9q6qbuk6bij1oet74289skdfo'),
	(91, 56, 3, 1500, 0, 'r9q6qbuk6bij1oet74289skdfo'),
	(92, 56, 4, 1500, 0, 'r9q6qbuk6bij1oet74289skdfo'),
	(93, 58, 1, 1360, 11, '3903o0njhikg8g36q3qt94o3c4'),
	(94, 58, 2, 1500, 0, '3903o0njhikg8g36q3qt94o3c4'),
	(95, 58, 3, 1500, 0, '3903o0njhikg8g36q3qt94o3c4'),
	(96, 58, 4, 1500, 0, '3903o0njhikg8g36q3qt94o3c4'),
	(97, 59, 1, 1500, 0, 'o35958vbfu0dmjbm7hditgbab8'),
	(98, 59, 2, 1500, 0, 'o35958vbfu0dmjbm7hditgbab8'),
	(99, 59, 3, 1500, 0, 'o35958vbfu0dmjbm7hditgbab8'),
	(100, 59, 4, 1500, 0, 'o35958vbfu0dmjbm7hditgbab8'),
	(101, 60, 1, 1500, 7, 'fpd4fr9oh867eoj84b7tb5sv2r'),
	(102, 60, 2, 1500, 0, 'fpd4fr9oh867eoj84b7tb5sv2r'),
	(103, 60, 3, 1500, 0, 'fpd4fr9oh867eoj84b7tb5sv2r'),
	(104, 60, 4, 1500, 0, 'fpd4fr9oh867eoj84b7tb5sv2r'),
	(105, 0, 1, 1500, 0, 'at7nsspld2t0jeaargiaeqn383'),
	(106, 0, 2, 1500, 0, 'at7nsspld2t0jeaargiaeqn383'),
	(107, 0, 3, 1500, 0, 'at7nsspld2t0jeaargiaeqn383'),
	(108, 0, 4, 1500, 0, 'at7nsspld2t0jeaargiaeqn383'),
	(109, 61, 1, 1500, 0, 'at7nsspld2t0jeaargiaeqn383'),
	(110, 61, 2, 1500, 0, 'at7nsspld2t0jeaargiaeqn383'),
	(111, 61, 3, 1500, 0, 'at7nsspld2t0jeaargiaeqn383'),
	(112, 61, 4, 1500, 0, 'at7nsspld2t0jeaargiaeqn383'),
	(113, 62, 1, 1440, 3, '1v3qi9gs53bugucusipcapfjrn'),
	(114, 62, 2, 1500, 0, '1v3qi9gs53bugucusipcapfjrn'),
	(115, 62, 3, 1500, 0, '1v3qi9gs53bugucusipcapfjrn'),
	(116, 62, 4, 1500, 0, '1v3qi9gs53bugucusipcapfjrn'),
	(117, 63, 1, 1500, 0, 'inak6lt73th10rfp4hrhin9s0i'),
	(118, 63, 2, 1500, 0, 'inak6lt73th10rfp4hrhin9s0i'),
	(119, 63, 3, 1500, 0, 'inak6lt73th10rfp4hrhin9s0i'),
	(120, 63, 4, 1500, 0, 'inak6lt73th10rfp4hrhin9s0i'),
	(121, 64, 1, 1500, 13, 'tf055dvkekdnjcptfq44i1eur6'),
	(122, 64, 2, 1500, 12, 'tf055dvkekdnjcptfq44i1eur6'),
	(123, 64, 3, 1500, 19, 'tf055dvkekdnjcptfq44i1eur6'),
	(124, 64, 4, 1500, 5, 'tf055dvkekdnjcptfq44i1eur6'),
	(125, 66, 1, 1500, 0, '6jtd2dn0q215nblstr94rkvm71'),
	(126, 66, 2, 1500, 0, '6jtd2dn0q215nblstr94rkvm71'),
	(127, 66, 3, 1500, 0, '6jtd2dn0q215nblstr94rkvm71'),
	(128, 66, 4, 1500, 0, '6jtd2dn0q215nblstr94rkvm71'),
	(129, 67, 1, 1500, 8, '7oskpjsh3so0mgro98je2antd6'),
	(130, 67, 2, 1500, 7, '7oskpjsh3so0mgro98je2antd6'),
	(131, 67, 3, 1500, 6, '7oskpjsh3so0mgro98je2antd6'),
	(132, 67, 4, 1500, 17, '7oskpjsh3so0mgro98je2antd6'),
	(133, 68, 1, 1500, 9, 'n9rkjbuhoel0rpo3j5sluvpgao'),
	(134, 68, 2, 1500, 0, 'n9rkjbuhoel0rpo3j5sluvpgao'),
	(135, 68, 3, 1500, 0, 'n9rkjbuhoel0rpo3j5sluvpgao'),
	(136, 68, 4, 1500, 0, 'n9rkjbuhoel0rpo3j5sluvpgao'),
	(137, 70, 1, 1060, 26, '0ja4f66tq3mamuja5073egrigk'),
	(138, 70, 2, 1300, 22, '0ja4f66tq3mamuja5073egrigk'),
	(139, 70, 3, 1360, 20, '0ja4f66tq3mamuja5073egrigk'),
	(140, 70, 4, 1040, 26, '0ja4f66tq3mamuja5073egrigk'),
	(141, 72, 1, 1500, 0, 'sftbuu5ogk4tb63m4d2us8fck7'),
	(142, 72, 2, 1500, 0, 'sftbuu5ogk4tb63m4d2us8fck7'),
	(143, 72, 3, 1500, 0, 'sftbuu5ogk4tb63m4d2us8fck7'),
	(144, 72, 4, 1500, 0, 'sftbuu5ogk4tb63m4d2us8fck7'),
	(145, 73, 1, 1360, 11, 'd9ajr81d9gu5u7nbq1gr6kn7qj'),
	(146, 73, 2, 1500, 13, 'd9ajr81d9gu5u7nbq1gr6kn7qj'),
	(147, 73, 3, 1500, 0, 'd9ajr81d9gu5u7nbq1gr6kn7qj'),
	(148, 73, 4, 1500, 0, 'd9ajr81d9gu5u7nbq1gr6kn7qj'),
	(149, 74, 1, 1500, 7, '0i7q7c4kfflu7vac4fqi2scium'),
	(150, 74, 2, 1500, 0, '0i7q7c4kfflu7vac4fqi2scium'),
	(151, 74, 3, 1500, 0, '0i7q7c4kfflu7vac4fqi2scium'),
	(152, 74, 4, 1500, 0, '0i7q7c4kfflu7vac4fqi2scium'),
	(153, 75, 1, 1500, 5, 'h57qta5t7lelu2pb6ro3i6l6fh'),
	(154, 75, 2, 1500, 0, 'h57qta5t7lelu2pb6ro3i6l6fh'),
	(155, 75, 3, 1500, 0, 'h57qta5t7lelu2pb6ro3i6l6fh'),
	(156, 75, 4, 1500, 0, 'h57qta5t7lelu2pb6ro3i6l6fh'),
	(157, 77, 1, 890, 4, 'nj5mji2b52b7vo387e8euqjhnk'),
	(158, 77, 2, 1040, 31, 'nj5mji2b52b7vo387e8euqjhnk'),
	(159, 77, 3, 1400, 15, 'nj5mji2b52b7vo387e8euqjhnk'),
	(160, 77, 4, 980, 23, 'nj5mji2b52b7vo387e8euqjhnk'),
	(161, 78, 1, 1500, 0, 'nps4nehf7u7ouu4gs8f5l80cn6'),
	(162, 78, 2, 1500, 0, 'nps4nehf7u7ouu4gs8f5l80cn6'),
	(163, 78, 3, 1500, 0, 'nps4nehf7u7ouu4gs8f5l80cn6'),
	(164, 78, 4, 1500, 0, 'nps4nehf7u7ouu4gs8f5l80cn6'),
	(165, 79, 1, 1500, 11, 'v6vj081n75od34scfio897na1b'),
	(166, 79, 2, 1500, 7, 'v6vj081n75od34scfio897na1b'),
	(167, 79, 3, 1500, 4, 'v6vj081n75od34scfio897na1b'),
	(168, 79, 4, 1380, 9, 'v6vj081n75od34scfio897na1b'),
	(169, 80, 1, 1500, 21, 'k7okblb5htllv8hrk4jiovtgli'),
	(170, 80, 2, 1500, 3, 'k7okblb5htllv8hrk4jiovtgli'),
	(171, 80, 3, 1500, 10, 'k7okblb5htllv8hrk4jiovtgli'),
	(172, 80, 4, 1500, 10, 'k7okblb5htllv8hrk4jiovtgli'),
	(173, 81, 1, 1500, 0, '4jcn11s4k6fm6a3s7jb4luh9vi'),
	(174, 81, 2, 1500, 0, '4jcn11s4k6fm6a3s7jb4luh9vi'),
	(175, 81, 3, 1500, 0, '4jcn11s4k6fm6a3s7jb4luh9vi'),
	(176, 81, 4, 1500, 0, '4jcn11s4k6fm6a3s7jb4luh9vi'),
	(177, 82, 1, 1380, 9, 'o7h4v772bilg7vito77pbe1i4d'),
	(178, 82, 2, 1500, 0, 'o7h4v772bilg7vito77pbe1i4d'),
	(179, 82, 3, 1500, 0, 'o7h4v772bilg7vito77pbe1i4d'),
	(180, 82, 4, 1500, 0, 'o7h4v772bilg7vito77pbe1i4d'),
	(181, 83, 1, 1500, 7, 'pene4ep6k04ivfui1en50rkvu2'),
	(182, 83, 2, 1400, 6, 'pene4ep6k04ivfui1en50rkvu2'),
	(183, 83, 3, 1500, 0, 'pene4ep6k04ivfui1en50rkvu2'),
	(184, 83, 4, 1500, 0, 'pene4ep6k04ivfui1en50rkvu2'),
	(185, 84, 1, 1500, 0, 'ee6uau3ehoumitd3ejqs52ar17'),
	(186, 84, 2, 1500, 0, 'ee6uau3ehoumitd3ejqs52ar17'),
	(187, 84, 3, 1500, 0, 'ee6uau3ehoumitd3ejqs52ar17'),
	(188, 84, 4, 1500, 0, 'ee6uau3ehoumitd3ejqs52ar17'),
	(189, 85, 1, 1400, 8, 'rfnsabi0mb70bqn3gom883s7hr'),
	(190, 85, 2, 1500, 0, 'rfnsabi0mb70bqn3gom883s7hr'),
	(191, 85, 3, 1500, 0, 'rfnsabi0mb70bqn3gom883s7hr'),
	(192, 85, 4, 1500, 0, 'rfnsabi0mb70bqn3gom883s7hr'),
	(193, 86, 1, 1400, 6, 'rtngkfqc25idctkvv07abe08r3'),
	(194, 86, 2, 1500, 4, 'rtngkfqc25idctkvv07abe08r3'),
	(195, 86, 3, 1500, 0, 'rtngkfqc25idctkvv07abe08r3'),
	(196, 86, 4, 1500, 0, 'rtngkfqc25idctkvv07abe08r3'),
	(197, 87, 1, 1500, 7, 'rbfbm6gk40c4nmm1diiddfvc9f'),
	(198, 87, 2, 1500, 2, 'rbfbm6gk40c4nmm1diiddfvc9f'),
	(199, 87, 3, 1500, 0, 'rbfbm6gk40c4nmm1diiddfvc9f'),
	(200, 87, 4, 1500, 0, 'rbfbm6gk40c4nmm1diiddfvc9f'),
	(201, 88, 1, 1500, 4, '6p4a4gqf5687fr4pgdc5c3blb1'),
	(202, 88, 2, 1500, 0, '6p4a4gqf5687fr4pgdc5c3blb1'),
	(203, 88, 3, 1500, 0, '6p4a4gqf5687fr4pgdc5c3blb1'),
	(204, 88, 4, 1500, 0, '6p4a4gqf5687fr4pgdc5c3blb1'),
	(205, 89, 1, 1265, 11, 'lab9juocc3epf01qvuhkk8dhtg'),
	(206, 89, 2, 1500, 0, 'lab9juocc3epf01qvuhkk8dhtg'),
	(207, 89, 3, 1500, 0, 'lab9juocc3epf01qvuhkk8dhtg'),
	(208, 89, 4, 1500, 0, 'lab9juocc3epf01qvuhkk8dhtg'),
	(209, 90, 1, 1500, 8, 'bbs4cm20bt1igf4oirfu9beb2a'),
	(210, 90, 2, 1500, 0, 'bbs4cm20bt1igf4oirfu9beb2a'),
	(211, 90, 3, 1500, 0, 'bbs4cm20bt1igf4oirfu9beb2a'),
	(212, 90, 4, 1500, 0, 'bbs4cm20bt1igf4oirfu9beb2a'),
	(213, 91, 1, 1500, 12, 'bo5jhi5tmfn596mkg84abj1qbp'),
	(214, 91, 2, 1500, 5, 'bo5jhi5tmfn596mkg84abj1qbp'),
	(215, 91, 3, -860, 24, 'bo5jhi5tmfn596mkg84abj1qbp'),
	(216, 91, 4, 1500, 0, 'bo5jhi5tmfn596mkg84abj1qbp'),
	(217, 92, 1, 1500, 12, 'him45g95qkuejee2k3keloihdm'),
	(218, 92, 2, 1500, 34, 'him45g95qkuejee2k3keloihdm'),
	(219, 92, 3, 1500, 10, 'him45g95qkuejee2k3keloihdm'),
	(220, 92, 4, 1500, 0, 'him45g95qkuejee2k3keloihdm'),
	(221, 93, 1, 1500, 0, 'cuvpq1qhv7drdgrkca02pbpl20'),
	(222, 93, 2, 1500, 0, 'cuvpq1qhv7drdgrkca02pbpl20'),
	(223, 93, 3, 1500, 0, 'cuvpq1qhv7drdgrkca02pbpl20'),
	(224, 93, 4, 1500, 0, 'cuvpq1qhv7drdgrkca02pbpl20'),
	(225, 94, 1, 1500, 0, 'cuvpq1qhv7drdgrkca02pbpl20'),
	(226, 94, 2, 1500, 0, 'cuvpq1qhv7drdgrkca02pbpl20'),
	(227, 94, 3, 1500, 0, 'cuvpq1qhv7drdgrkca02pbpl20'),
	(228, 94, 4, 1500, 0, 'cuvpq1qhv7drdgrkca02pbpl20'),
	(229, 95, 1, 1500, 0, 'cuvpq1qhv7drdgrkca02pbpl20'),
	(230, 95, 2, 1500, 0, 'cuvpq1qhv7drdgrkca02pbpl20'),
	(231, 95, 3, 1500, 0, 'cuvpq1qhv7drdgrkca02pbpl20'),
	(232, 95, 4, 1500, 0, 'cuvpq1qhv7drdgrkca02pbpl20'),
	(233, 96, 1, 1500, 0, 'cuvpq1qhv7drdgrkca02pbpl20'),
	(234, 96, 2, 1500, 0, 'cuvpq1qhv7drdgrkca02pbpl20'),
	(235, 96, 3, 1500, 0, 'cuvpq1qhv7drdgrkca02pbpl20'),
	(236, 96, 4, 1500, 0, 'cuvpq1qhv7drdgrkca02pbpl20'),
	(237, 97, 1, 1500, 0, 'cuvpq1qhv7drdgrkca02pbpl20'),
	(238, 97, 2, 1500, 0, 'cuvpq1qhv7drdgrkca02pbpl20'),
	(239, 97, 3, 1500, 0, 'cuvpq1qhv7drdgrkca02pbpl20'),
	(240, 97, 4, 1500, 0, 'cuvpq1qhv7drdgrkca02pbpl20'),
	(241, 98, 1, 1500, 0, 'cuvpq1qhv7drdgrkca02pbpl20'),
	(242, 98, 2, 1500, 0, 'cuvpq1qhv7drdgrkca02pbpl20'),
	(243, 98, 3, 1500, 0, 'cuvpq1qhv7drdgrkca02pbpl20'),
	(244, 98, 4, 1500, 0, 'cuvpq1qhv7drdgrkca02pbpl20'),
	(245, 99, 1, 1500, 0, 'nk9fu154ot7vpi5te7gecs0e3b'),
	(246, 99, 2, 1500, 0, 'nk9fu154ot7vpi5te7gecs0e3b'),
	(247, 99, 3, 1500, 0, 'nk9fu154ot7vpi5te7gecs0e3b'),
	(248, 99, 4, 1500, 0, 'nk9fu154ot7vpi5te7gecs0e3b'),
	(249, 100, 1, 1500, 0, 'nk9fu154ot7vpi5te7gecs0e3b'),
	(250, 100, 2, 1500, 0, 'nk9fu154ot7vpi5te7gecs0e3b'),
	(251, 100, 3, 1500, 0, 'nk9fu154ot7vpi5te7gecs0e3b'),
	(252, 100, 4, 1500, 0, 'nk9fu154ot7vpi5te7gecs0e3b'),
	(253, 101, 1, 1500, 36, 'nkmhheguqtl147qriemcls232g'),
	(254, 101, 2, 1500, 0, 'nkmhheguqtl147qriemcls232g'),
	(255, 101, 3, 1500, 0, 'nkmhheguqtl147qriemcls232g'),
	(256, 101, 4, 1500, 0, 'nkmhheguqtl147qriemcls232g'),
	(257, 102, 1, 1500, 0, 'nkmhheguqtl147qriemcls232g'),
	(258, 102, 2, 1500, 0, 'nkmhheguqtl147qriemcls232g'),
	(259, 102, 3, 1500, 0, 'nkmhheguqtl147qriemcls232g'),
	(260, 102, 4, 1500, 0, 'nkmhheguqtl147qriemcls232g'),
	(261, 103, 1, 1500, 0, 'nkmhheguqtl147qriemcls232g'),
	(262, 103, 2, 1500, 0, 'nkmhheguqtl147qriemcls232g'),
	(263, 103, 3, 1500, 0, 'nkmhheguqtl147qriemcls232g'),
	(264, 103, 4, 1500, 0, 'nkmhheguqtl147qriemcls232g'),
	(265, 104, 1, 1500, 0, 'nkmhheguqtl147qriemcls232g'),
	(266, 104, 2, 1500, 0, 'nkmhheguqtl147qriemcls232g'),
	(267, 104, 3, 1500, 0, 'nkmhheguqtl147qriemcls232g'),
	(268, 104, 4, 1500, 0, 'nkmhheguqtl147qriemcls232g'),
	(269, 105, 1, 1500, 0, 'nkmhheguqtl147qriemcls232g'),
	(270, 105, 2, 1500, 0, 'nkmhheguqtl147qriemcls232g'),
	(271, 105, 3, 1500, 0, 'nkmhheguqtl147qriemcls232g'),
	(272, 105, 4, 1500, 0, 'nkmhheguqtl147qriemcls232g'),
	(273, 106, 1, 1500, 0, 'nkmhheguqtl147qriemcls232g'),
	(274, 106, 2, 1500, 0, 'nkmhheguqtl147qriemcls232g'),
	(275, 106, 3, 1500, 0, 'nkmhheguqtl147qriemcls232g'),
	(276, 106, 4, 1500, 0, 'nkmhheguqtl147qriemcls232g'),
	(277, 107, 1, 1500, 0, 'nkmhheguqtl147qriemcls232g'),
	(278, 107, 2, 1500, 0, 'nkmhheguqtl147qriemcls232g'),
	(279, 107, 3, 1500, 0, 'nkmhheguqtl147qriemcls232g'),
	(280, 107, 4, 1500, 0, 'nkmhheguqtl147qriemcls232g'),
	(281, 108, 1, 1500, 0, 'nkmhheguqtl147qriemcls232g'),
	(282, 108, 2, 1500, 0, 'nkmhheguqtl147qriemcls232g'),
	(283, 108, 3, 1500, 0, 'nkmhheguqtl147qriemcls232g'),
	(284, 108, 4, 1500, 0, 'nkmhheguqtl147qriemcls232g'),
	(285, 109, 1, 1500, 0, 'nkmhheguqtl147qriemcls232g'),
	(286, 109, 2, 1500, 0, 'nkmhheguqtl147qriemcls232g'),
	(287, 109, 3, 1500, 0, 'nkmhheguqtl147qriemcls232g'),
	(288, 109, 4, 1500, 0, 'nkmhheguqtl147qriemcls232g'),
	(289, 110, 1, 1500, 0, 'nkmhheguqtl147qriemcls232g'),
	(290, 110, 2, 1500, 0, 'nkmhheguqtl147qriemcls232g'),
	(291, 110, 3, 1500, 0, 'nkmhheguqtl147qriemcls232g'),
	(292, 110, 4, 1500, 0, 'nkmhheguqtl147qriemcls232g'),
	(293, 111, 1, 1350, 12, 'kqhv150rhphnkpmam7s6lsrv61'),
	(294, 111, 2, 1500, 12, 'kqhv150rhphnkpmam7s6lsrv61'),
	(295, 111, 3, 1500, 0, 'kqhv150rhphnkpmam7s6lsrv61'),
	(296, 111, 4, 1500, 0, 'kqhv150rhphnkpmam7s6lsrv61'),
	(297, 112, 1, 1500, 0, 'kqhv150rhphnkpmam7s6lsrv61'),
	(298, 112, 2, 1500, 0, 'kqhv150rhphnkpmam7s6lsrv61'),
	(299, 112, 3, 1500, 0, 'kqhv150rhphnkpmam7s6lsrv61'),
	(300, 112, 4, 1500, 0, 'kqhv150rhphnkpmam7s6lsrv61'),
	(301, 113, 1, 1500, 0, 'kqhv150rhphnkpmam7s6lsrv61'),
	(302, 113, 2, 1500, 0, 'kqhv150rhphnkpmam7s6lsrv61'),
	(303, 113, 3, 1500, 0, 'kqhv150rhphnkpmam7s6lsrv61'),
	(304, 113, 4, 1500, 0, 'kqhv150rhphnkpmam7s6lsrv61'),
	(305, 114, 1, 1500, 0, 'kqhv150rhphnkpmam7s6lsrv61'),
	(306, 114, 2, 1500, 0, 'kqhv150rhphnkpmam7s6lsrv61'),
	(307, 114, 3, 1500, 0, 'kqhv150rhphnkpmam7s6lsrv61'),
	(308, 114, 4, 1500, 0, 'kqhv150rhphnkpmam7s6lsrv61'),
	(309, 115, 1, 1500, 0, 'kqhv150rhphnkpmam7s6lsrv61'),
	(310, 115, 2, 1500, 0, 'kqhv150rhphnkpmam7s6lsrv61'),
	(311, 115, 3, 1500, 0, 'kqhv150rhphnkpmam7s6lsrv61'),
	(312, 115, 4, 1500, 0, 'kqhv150rhphnkpmam7s6lsrv61'),
	(313, 116, 1, 1500, 0, 'kqhv150rhphnkpmam7s6lsrv61'),
	(314, 116, 2, 1500, 0, 'kqhv150rhphnkpmam7s6lsrv61'),
	(315, 116, 3, 1500, 0, 'kqhv150rhphnkpmam7s6lsrv61'),
	(316, 116, 4, 1500, 0, 'kqhv150rhphnkpmam7s6lsrv61'),
	(317, 117, 1, 1500, 0, 'kqhv150rhphnkpmam7s6lsrv61'),
	(318, 117, 2, 1500, 0, 'kqhv150rhphnkpmam7s6lsrv61'),
	(319, 117, 3, 1500, 0, 'kqhv150rhphnkpmam7s6lsrv61'),
	(320, 117, 4, 1500, 0, 'kqhv150rhphnkpmam7s6lsrv61'),
	(321, 118, 1, 1500, 0, 'kqhv150rhphnkpmam7s6lsrv61'),
	(322, 118, 2, 1500, 0, 'kqhv150rhphnkpmam7s6lsrv61'),
	(323, 118, 3, 1500, 0, 'kqhv150rhphnkpmam7s6lsrv61'),
	(324, 118, 4, 1500, 0, 'kqhv150rhphnkpmam7s6lsrv61'),
	(325, 119, 1, 1500, 0, 'kqhv150rhphnkpmam7s6lsrv61'),
	(326, 119, 2, 1500, 0, 'kqhv150rhphnkpmam7s6lsrv61'),
	(327, 119, 3, 1500, 0, 'kqhv150rhphnkpmam7s6lsrv61'),
	(328, 119, 4, 1500, 0, 'kqhv150rhphnkpmam7s6lsrv61'),
	(329, 120, 1, 1500, 0, 'kqhv150rhphnkpmam7s6lsrv61'),
	(330, 120, 2, 1500, 0, 'kqhv150rhphnkpmam7s6lsrv61'),
	(331, 120, 3, 1500, 0, 'kqhv150rhphnkpmam7s6lsrv61'),
	(332, 120, 4, 1500, 0, 'kqhv150rhphnkpmam7s6lsrv61'),
	(333, 121, 1, 1500, 0, 'kqhv150rhphnkpmam7s6lsrv61'),
	(334, 121, 2, 1500, 0, 'kqhv150rhphnkpmam7s6lsrv61'),
	(335, 121, 3, 1500, 0, 'kqhv150rhphnkpmam7s6lsrv61'),
	(336, 121, 4, 1500, 0, 'kqhv150rhphnkpmam7s6lsrv61'),
	(337, 122, 1, 1500, 0, 'kqhv150rhphnkpmam7s6lsrv61'),
	(338, 122, 2, 1500, 0, 'kqhv150rhphnkpmam7s6lsrv61'),
	(339, 122, 3, 1500, 0, 'kqhv150rhphnkpmam7s6lsrv61'),
	(340, 122, 4, 1500, 0, 'kqhv150rhphnkpmam7s6lsrv61'),
	(341, 123, 1, 1518, 30, 'qreu38b4o80e2hf30ctq9jbdcj'),
	(342, 123, 2, 1452, 20, 'qreu38b4o80e2hf30ctq9jbdcj'),
	(343, 123, 3, 1380, 21, 'qreu38b4o80e2hf30ctq9jbdcj'),
	(344, 123, 4, 1500, 14, 'qreu38b4o80e2hf30ctq9jbdcj'),
	(345, 124, 1, 1500, 0, 'qreu38b4o80e2hf30ctq9jbdcj'),
	(346, 124, 2, 1500, 0, 'qreu38b4o80e2hf30ctq9jbdcj'),
	(347, 124, 3, 1500, 0, 'qreu38b4o80e2hf30ctq9jbdcj'),
	(348, 124, 4, 1500, 0, 'qreu38b4o80e2hf30ctq9jbdcj'),
	(349, 125, 1, 1500, 0, 'qreu38b4o80e2hf30ctq9jbdcj'),
	(350, 125, 2, 1500, 0, 'qreu38b4o80e2hf30ctq9jbdcj'),
	(351, 125, 3, 1500, 0, 'qreu38b4o80e2hf30ctq9jbdcj'),
	(352, 125, 4, 1500, 0, 'qreu38b4o80e2hf30ctq9jbdcj'),
	(353, 126, 1, 1500, 0, 'qreu38b4o80e2hf30ctq9jbdcj'),
	(354, 126, 2, 1500, 0, 'qreu38b4o80e2hf30ctq9jbdcj'),
	(355, 126, 3, 1500, 0, 'qreu38b4o80e2hf30ctq9jbdcj'),
	(356, 126, 4, 1500, 0, 'qreu38b4o80e2hf30ctq9jbdcj'),
	(357, 127, 1, 1500, 0, 'qreu38b4o80e2hf30ctq9jbdcj'),
	(358, 127, 2, 1500, 0, 'qreu38b4o80e2hf30ctq9jbdcj'),
	(359, 127, 3, 1500, 0, 'qreu38b4o80e2hf30ctq9jbdcj'),
	(360, 127, 4, 1500, 0, 'qreu38b4o80e2hf30ctq9jbdcj'),
	(361, 128, 1, 1500, 0, 'qreu38b4o80e2hf30ctq9jbdcj'),
	(362, 128, 2, 1500, 0, 'qreu38b4o80e2hf30ctq9jbdcj'),
	(363, 128, 3, 1500, 0, 'qreu38b4o80e2hf30ctq9jbdcj'),
	(364, 128, 4, 1500, 0, 'qreu38b4o80e2hf30ctq9jbdcj'),
	(365, 129, 1, 1500, 0, 'qreu38b4o80e2hf30ctq9jbdcj'),
	(366, 129, 2, 1500, 0, 'qreu38b4o80e2hf30ctq9jbdcj'),
	(367, 129, 3, 1500, 0, 'qreu38b4o80e2hf30ctq9jbdcj'),
	(368, 129, 4, 1500, 0, 'qreu38b4o80e2hf30ctq9jbdcj'),
	(369, 130, 1, 1500, 0, 'qreu38b4o80e2hf30ctq9jbdcj'),
	(370, 130, 2, 1500, 0, 'qreu38b4o80e2hf30ctq9jbdcj'),
	(371, 130, 3, 1500, 0, 'qreu38b4o80e2hf30ctq9jbdcj'),
	(372, 130, 4, 1500, 0, 'qreu38b4o80e2hf30ctq9jbdcj'),
	(373, 131, 1, 1500, 0, 'qreu38b4o80e2hf30ctq9jbdcj'),
	(374, 131, 2, 1500, 0, 'qreu38b4o80e2hf30ctq9jbdcj'),
	(375, 131, 3, 1500, 0, 'qreu38b4o80e2hf30ctq9jbdcj'),
	(376, 131, 4, 1500, 0, 'qreu38b4o80e2hf30ctq9jbdcj'),
	(377, 132, 1, 1500, 0, 'qreu38b4o80e2hf30ctq9jbdcj'),
	(378, 132, 2, 1500, 0, 'qreu38b4o80e2hf30ctq9jbdcj'),
	(379, 132, 3, 1500, 0, 'qreu38b4o80e2hf30ctq9jbdcj'),
	(380, 132, 4, 1500, 0, 'qreu38b4o80e2hf30ctq9jbdcj'),
	(381, 133, 1, 1500, 0, 'qreu38b4o80e2hf30ctq9jbdcj'),
	(382, 133, 2, 1500, 0, 'qreu38b4o80e2hf30ctq9jbdcj'),
	(383, 133, 3, 1500, 0, 'qreu38b4o80e2hf30ctq9jbdcj'),
	(384, 133, 4, 1500, 0, 'qreu38b4o80e2hf30ctq9jbdcj'),
	(385, 134, 1, 1500, 0, 'qreu38b4o80e2hf30ctq9jbdcj'),
	(386, 134, 2, 1500, 0, 'qreu38b4o80e2hf30ctq9jbdcj'),
	(387, 134, 3, 1500, 0, 'qreu38b4o80e2hf30ctq9jbdcj'),
	(388, 134, 4, 1500, 0, 'qreu38b4o80e2hf30ctq9jbdcj'),
	(389, 135, 1, 1500, 0, '3e9lgum74pqpdugqa99fus6dq9'),
	(390, 135, 2, 1500, 0, '3e9lgum74pqpdugqa99fus6dq9'),
	(391, 135, 3, 1500, 0, '3e9lgum74pqpdugqa99fus6dq9'),
	(392, 135, 4, 1500, 0, '3e9lgum74pqpdugqa99fus6dq9'),
	(393, 136, 1, 1500, 0, 'qreu38b4o80e2hf30ctq9jbdcj'),
	(394, 136, 2, 1500, 0, 'qreu38b4o80e2hf30ctq9jbdcj'),
	(395, 136, 3, 1500, 0, 'qreu38b4o80e2hf30ctq9jbdcj'),
	(396, 136, 4, 1500, 0, 'qreu38b4o80e2hf30ctq9jbdcj'),
	(397, 137, 1, 1500, 0, 'qreu38b4o80e2hf30ctq9jbdcj'),
	(398, 137, 2, 1500, 0, 'qreu38b4o80e2hf30ctq9jbdcj'),
	(399, 137, 3, 1500, 0, 'qreu38b4o80e2hf30ctq9jbdcj'),
	(400, 137, 4, 1500, 0, 'qreu38b4o80e2hf30ctq9jbdcj'),
	(401, 138, 1, 1500, 0, 'qreu38b4o80e2hf30ctq9jbdcj'),
	(402, 138, 2, 1500, 0, 'qreu38b4o80e2hf30ctq9jbdcj'),
	(403, 138, 3, 1500, 0, 'qreu38b4o80e2hf30ctq9jbdcj'),
	(404, 138, 4, 1500, 0, 'qreu38b4o80e2hf30ctq9jbdcj'),
	(405, 139, 1, 1500, 0, 'qreu38b4o80e2hf30ctq9jbdcj'),
	(406, 139, 2, 1500, 0, 'qreu38b4o80e2hf30ctq9jbdcj'),
	(407, 139, 3, 1500, 0, 'qreu38b4o80e2hf30ctq9jbdcj'),
	(408, 139, 4, 1500, 0, 'qreu38b4o80e2hf30ctq9jbdcj'),
	(409, 140, 1, 1500, 0, 'qreu38b4o80e2hf30ctq9jbdcj'),
	(410, 140, 2, 1500, 0, 'qreu38b4o80e2hf30ctq9jbdcj'),
	(411, 140, 3, 1500, 0, 'qreu38b4o80e2hf30ctq9jbdcj'),
	(412, 140, 4, 1500, 0, 'qreu38b4o80e2hf30ctq9jbdcj'),
	(413, 141, 1, 1500, 0, 'qreu38b4o80e2hf30ctq9jbdcj'),
	(414, 141, 2, 1500, 0, 'qreu38b4o80e2hf30ctq9jbdcj'),
	(415, 141, 3, 1500, 0, 'qreu38b4o80e2hf30ctq9jbdcj'),
	(416, 141, 4, 1500, 0, 'qreu38b4o80e2hf30ctq9jbdcj'),
	(417, 142, 1, 1500, 0, 'qreu38b4o80e2hf30ctq9jbdcj'),
	(418, 142, 2, 1500, 0, 'qreu38b4o80e2hf30ctq9jbdcj'),
	(419, 142, 3, 1500, 0, 'qreu38b4o80e2hf30ctq9jbdcj'),
	(420, 142, 4, 1500, 0, 'qreu38b4o80e2hf30ctq9jbdcj'),
	(421, 143, 1, 1500, 0, 'qreu38b4o80e2hf30ctq9jbdcj'),
	(422, 143, 2, 1500, 0, 'qreu38b4o80e2hf30ctq9jbdcj'),
	(423, 143, 3, 1500, 0, 'qreu38b4o80e2hf30ctq9jbdcj'),
	(424, 143, 4, 1500, 0, 'qreu38b4o80e2hf30ctq9jbdcj'),
	(425, 144, 1, 1500, 0, 'qreu38b4o80e2hf30ctq9jbdcj'),
	(426, 144, 2, 1500, 0, 'qreu38b4o80e2hf30ctq9jbdcj'),
	(427, 144, 3, 1500, 0, 'qreu38b4o80e2hf30ctq9jbdcj'),
	(428, 144, 4, 1500, 0, 'qreu38b4o80e2hf30ctq9jbdcj'),
	(429, 145, 1, 1500, 0, 'qreu38b4o80e2hf30ctq9jbdcj'),
	(430, 145, 2, 1500, 0, 'qreu38b4o80e2hf30ctq9jbdcj'),
	(431, 145, 3, 1500, 0, 'qreu38b4o80e2hf30ctq9jbdcj'),
	(432, 145, 4, 1500, 0, 'qreu38b4o80e2hf30ctq9jbdcj'),
	(433, 146, 1, 1500, 0, 'qreu38b4o80e2hf30ctq9jbdcj'),
	(434, 146, 2, 1500, 0, 'qreu38b4o80e2hf30ctq9jbdcj'),
	(435, 146, 3, 1500, 0, 'qreu38b4o80e2hf30ctq9jbdcj'),
	(436, 146, 4, 1500, 0, 'qreu38b4o80e2hf30ctq9jbdcj'),
	(437, 147, 1, 1500, 0, 'qreu38b4o80e2hf30ctq9jbdcj'),
	(438, 147, 2, 1500, 0, 'qreu38b4o80e2hf30ctq9jbdcj'),
	(439, 147, 3, 1500, 0, 'qreu38b4o80e2hf30ctq9jbdcj'),
	(440, 147, 4, 1500, 0, 'qreu38b4o80e2hf30ctq9jbdcj'),
	(441, 149, 1, 1500, 0, 'qreu38b4o80e2hf30ctq9jbdcj'),
	(442, 149, 2, 1500, 0, 'qreu38b4o80e2hf30ctq9jbdcj'),
	(443, 149, 3, 1500, 0, 'qreu38b4o80e2hf30ctq9jbdcj'),
	(444, 149, 4, 1500, 0, 'qreu38b4o80e2hf30ctq9jbdcj'),
	(445, 150, 1, 1500, 0, 'qreu38b4o80e2hf30ctq9jbdcj'),
	(446, 150, 2, 1500, 0, 'qreu38b4o80e2hf30ctq9jbdcj'),
	(447, 150, 3, 1500, 0, 'qreu38b4o80e2hf30ctq9jbdcj'),
	(448, 150, 4, 1500, 0, 'qreu38b4o80e2hf30ctq9jbdcj'),
	(449, 151, 1, 1500, 0, 'qreu38b4o80e2hf30ctq9jbdcj'),
	(450, 151, 2, 1500, 0, 'qreu38b4o80e2hf30ctq9jbdcj'),
	(451, 151, 3, 1500, 0, 'qreu38b4o80e2hf30ctq9jbdcj'),
	(452, 151, 4, 1500, 0, 'qreu38b4o80e2hf30ctq9jbdcj'),
	(453, 152, 1, 1500, 0, 'qreu38b4o80e2hf30ctq9jbdcj'),
	(454, 152, 2, 1500, 0, 'qreu38b4o80e2hf30ctq9jbdcj'),
	(455, 152, 3, 1500, 0, 'qreu38b4o80e2hf30ctq9jbdcj'),
	(456, 152, 4, 1500, 0, 'qreu38b4o80e2hf30ctq9jbdcj'),
	(457, 153, 1, 1500, 0, 'qreu38b4o80e2hf30ctq9jbdcj'),
	(458, 153, 2, 1500, 0, 'qreu38b4o80e2hf30ctq9jbdcj'),
	(459, 153, 3, 1500, 0, 'qreu38b4o80e2hf30ctq9jbdcj'),
	(460, 153, 4, 1500, 0, 'qreu38b4o80e2hf30ctq9jbdcj'),
	(461, 154, 1, 1500, 0, 'qreu38b4o80e2hf30ctq9jbdcj'),
	(462, 154, 2, 1500, 0, 'qreu38b4o80e2hf30ctq9jbdcj'),
	(463, 154, 3, 1500, 0, 'qreu38b4o80e2hf30ctq9jbdcj'),
	(464, 154, 4, 1500, 0, 'qreu38b4o80e2hf30ctq9jbdcj'),
	(465, 155, 1, 1500, 0, 'qreu38b4o80e2hf30ctq9jbdcj'),
	(466, 155, 2, 1500, 0, 'qreu38b4o80e2hf30ctq9jbdcj'),
	(467, 155, 3, 1500, 0, 'qreu38b4o80e2hf30ctq9jbdcj'),
	(468, 155, 4, 1500, 0, 'qreu38b4o80e2hf30ctq9jbdcj'),
	(469, 156, 1, 1500, 0, 'qreu38b4o80e2hf30ctq9jbdcj'),
	(470, 156, 2, 1500, 0, 'qreu38b4o80e2hf30ctq9jbdcj'),
	(471, 156, 3, 1500, 0, 'qreu38b4o80e2hf30ctq9jbdcj'),
	(472, 156, 4, 1500, 0, 'qreu38b4o80e2hf30ctq9jbdcj'),
	(473, 157, 1, 1500, 0, 'qreu38b4o80e2hf30ctq9jbdcj'),
	(474, 157, 2, 1500, 0, 'qreu38b4o80e2hf30ctq9jbdcj'),
	(475, 157, 3, 1500, 0, 'qreu38b4o80e2hf30ctq9jbdcj'),
	(476, 157, 4, 1500, 0, 'qreu38b4o80e2hf30ctq9jbdcj'),
	(477, 158, 1, 1500, 0, 'qreu38b4o80e2hf30ctq9jbdcj'),
	(478, 158, 2, 1500, 0, 'qreu38b4o80e2hf30ctq9jbdcj'),
	(479, 158, 3, 1500, 0, 'qreu38b4o80e2hf30ctq9jbdcj'),
	(480, 158, 4, 1500, 0, 'qreu38b4o80e2hf30ctq9jbdcj'),
	(481, 159, 1, 1500, 0, 'qreu38b4o80e2hf30ctq9jbdcj'),
	(482, 159, 2, 1500, 0, 'qreu38b4o80e2hf30ctq9jbdcj'),
	(483, 159, 3, 1500, 0, 'qreu38b4o80e2hf30ctq9jbdcj'),
	(484, 159, 4, 1500, 0, 'qreu38b4o80e2hf30ctq9jbdcj'),
	(485, 160, 1, 1500, 0, 'qreu38b4o80e2hf30ctq9jbdcj'),
	(486, 160, 2, 1500, 0, 'qreu38b4o80e2hf30ctq9jbdcj'),
	(487, 160, 3, 1500, 0, 'qreu38b4o80e2hf30ctq9jbdcj'),
	(488, 160, 4, 1500, 0, 'qreu38b4o80e2hf30ctq9jbdcj'),
	(489, 161, 1, 1500, 0, 'qreu38b4o80e2hf30ctq9jbdcj'),
	(490, 161, 2, 1500, 0, 'qreu38b4o80e2hf30ctq9jbdcj'),
	(491, 161, 3, 1500, 0, 'qreu38b4o80e2hf30ctq9jbdcj'),
	(492, 161, 4, 1500, 0, 'qreu38b4o80e2hf30ctq9jbdcj'),
	(493, 162, 1, 1500, 0, 'qreu38b4o80e2hf30ctq9jbdcj'),
	(494, 162, 2, 1500, 0, 'qreu38b4o80e2hf30ctq9jbdcj'),
	(495, 162, 3, 1500, 0, 'qreu38b4o80e2hf30ctq9jbdcj'),
	(496, 162, 4, 1500, 0, 'qreu38b4o80e2hf30ctq9jbdcj'),
	(497, 163, 1, 1500, 0, 'qreu38b4o80e2hf30ctq9jbdcj'),
	(498, 163, 2, 1500, 0, 'qreu38b4o80e2hf30ctq9jbdcj'),
	(499, 163, 3, 1500, 0, 'qreu38b4o80e2hf30ctq9jbdcj'),
	(500, 163, 4, 1500, 0, 'qreu38b4o80e2hf30ctq9jbdcj'),
	(501, 164, 1, 1500, 0, 'qreu38b4o80e2hf30ctq9jbdcj'),
	(502, 164, 2, 1500, 0, 'qreu38b4o80e2hf30ctq9jbdcj'),
	(503, 164, 3, 1500, 0, 'qreu38b4o80e2hf30ctq9jbdcj'),
	(504, 164, 4, 1500, 0, 'qreu38b4o80e2hf30ctq9jbdcj'),
	(505, 165, 1, 1500, 0, 'qreu38b4o80e2hf30ctq9jbdcj'),
	(506, 165, 2, 1500, 0, 'qreu38b4o80e2hf30ctq9jbdcj'),
	(507, 165, 3, 1500, 0, 'qreu38b4o80e2hf30ctq9jbdcj'),
	(508, 165, 4, 1500, 0, 'qreu38b4o80e2hf30ctq9jbdcj'),
	(509, 166, 1, 1500, 0, 'qreu38b4o80e2hf30ctq9jbdcj'),
	(510, 166, 2, 1500, 0, 'qreu38b4o80e2hf30ctq9jbdcj'),
	(511, 166, 3, 1500, 0, 'qreu38b4o80e2hf30ctq9jbdcj'),
	(512, 166, 4, 1500, 0, 'qreu38b4o80e2hf30ctq9jbdcj'),
	(513, 167, 1, 1500, 0, 'qreu38b4o80e2hf30ctq9jbdcj'),
	(514, 167, 2, 1500, 0, 'qreu38b4o80e2hf30ctq9jbdcj'),
	(515, 167, 3, 1500, 0, 'qreu38b4o80e2hf30ctq9jbdcj'),
	(516, 167, 4, 1500, 0, 'qreu38b4o80e2hf30ctq9jbdcj'),
	(517, 168, 1, 1500, 0, 'qreu38b4o80e2hf30ctq9jbdcj'),
	(518, 168, 2, 1500, 0, 'qreu38b4o80e2hf30ctq9jbdcj'),
	(519, 168, 3, 1500, 0, 'qreu38b4o80e2hf30ctq9jbdcj'),
	(520, 168, 4, 1500, 0, 'qreu38b4o80e2hf30ctq9jbdcj'),
	(521, 169, 1, 1500, 0, 'qreu38b4o80e2hf30ctq9jbdcj'),
	(522, 169, 2, 1500, 0, 'qreu38b4o80e2hf30ctq9jbdcj'),
	(523, 169, 3, 1500, 0, 'qreu38b4o80e2hf30ctq9jbdcj'),
	(524, 169, 4, 1500, 0, 'qreu38b4o80e2hf30ctq9jbdcj'),
	(525, 170, 1, 1500, 0, 'qreu38b4o80e2hf30ctq9jbdcj'),
	(526, 170, 2, 1500, 0, 'qreu38b4o80e2hf30ctq9jbdcj'),
	(527, 170, 3, 1500, 0, 'qreu38b4o80e2hf30ctq9jbdcj'),
	(528, 170, 4, 1500, 0, 'qreu38b4o80e2hf30ctq9jbdcj'),
	(529, 171, 1, 1500, 0, 'qreu38b4o80e2hf30ctq9jbdcj'),
	(530, 171, 2, 1500, 0, 'qreu38b4o80e2hf30ctq9jbdcj'),
	(531, 171, 3, 1500, 0, 'qreu38b4o80e2hf30ctq9jbdcj'),
	(532, 171, 4, 1500, 0, 'qreu38b4o80e2hf30ctq9jbdcj'),
	(533, 172, 1, 1500, 0, 'qreu38b4o80e2hf30ctq9jbdcj'),
	(534, 172, 2, 1500, 0, 'qreu38b4o80e2hf30ctq9jbdcj'),
	(535, 172, 3, 1500, 0, 'qreu38b4o80e2hf30ctq9jbdcj'),
	(536, 172, 4, 1500, 0, 'qreu38b4o80e2hf30ctq9jbdcj'),
	(537, 173, 1, 1500, 0, 'qreu38b4o80e2hf30ctq9jbdcj'),
	(538, 173, 2, 1500, 0, 'qreu38b4o80e2hf30ctq9jbdcj'),
	(539, 173, 3, 1500, 0, 'qreu38b4o80e2hf30ctq9jbdcj'),
	(540, 173, 4, 1500, 0, 'qreu38b4o80e2hf30ctq9jbdcj'),
	(541, 174, 1, 1500, 0, 'qreu38b4o80e2hf30ctq9jbdcj'),
	(542, 174, 2, 1500, 0, 'qreu38b4o80e2hf30ctq9jbdcj'),
	(543, 174, 3, 1500, 0, 'qreu38b4o80e2hf30ctq9jbdcj'),
	(544, 174, 4, 1500, 0, 'qreu38b4o80e2hf30ctq9jbdcj'),
	(545, 175, 1, 1500, 0, 'qreu38b4o80e2hf30ctq9jbdcj'),
	(546, 175, 2, 1500, 0, 'qreu38b4o80e2hf30ctq9jbdcj'),
	(547, 175, 3, 1500, 0, 'qreu38b4o80e2hf30ctq9jbdcj'),
	(548, 175, 4, 1500, 0, 'qreu38b4o80e2hf30ctq9jbdcj'),
	(549, 176, 1, 1500, 0, 'qreu38b4o80e2hf30ctq9jbdcj'),
	(550, 176, 2, 1500, 0, 'qreu38b4o80e2hf30ctq9jbdcj'),
	(551, 176, 3, 1500, 0, 'qreu38b4o80e2hf30ctq9jbdcj'),
	(552, 176, 4, 1500, 0, 'qreu38b4o80e2hf30ctq9jbdcj'),
	(553, 177, 1, 1500, 0, 'qreu38b4o80e2hf30ctq9jbdcj'),
	(554, 177, 2, 1500, 0, 'qreu38b4o80e2hf30ctq9jbdcj'),
	(555, 177, 3, 1500, 0, 'qreu38b4o80e2hf30ctq9jbdcj'),
	(556, 177, 4, 1500, 0, 'qreu38b4o80e2hf30ctq9jbdcj'),
	(557, 178, 1, 1500, 0, 'qreu38b4o80e2hf30ctq9jbdcj'),
	(558, 178, 2, 1500, 0, 'qreu38b4o80e2hf30ctq9jbdcj'),
	(559, 178, 3, 1500, 0, 'qreu38b4o80e2hf30ctq9jbdcj'),
	(560, 178, 4, 1500, 0, 'qreu38b4o80e2hf30ctq9jbdcj'),
	(561, 179, 1, 1500, 0, 'qreu38b4o80e2hf30ctq9jbdcj'),
	(562, 179, 2, 1500, 0, 'qreu38b4o80e2hf30ctq9jbdcj'),
	(563, 179, 3, 1500, 0, 'qreu38b4o80e2hf30ctq9jbdcj'),
	(564, 179, 4, 1500, 0, 'qreu38b4o80e2hf30ctq9jbdcj'),
	(565, 180, 1, 1500, 0, 'qreu38b4o80e2hf30ctq9jbdcj'),
	(566, 180, 2, 1500, 0, 'qreu38b4o80e2hf30ctq9jbdcj'),
	(567, 180, 3, 1500, 0, 'qreu38b4o80e2hf30ctq9jbdcj'),
	(568, 180, 4, 1500, 0, 'qreu38b4o80e2hf30ctq9jbdcj'),
	(569, 181, 1, 1500, 0, 'qreu38b4o80e2hf30ctq9jbdcj'),
	(570, 181, 2, 1500, 0, 'qreu38b4o80e2hf30ctq9jbdcj'),
	(571, 181, 3, 1500, 0, 'qreu38b4o80e2hf30ctq9jbdcj'),
	(572, 181, 4, 1500, 0, 'qreu38b4o80e2hf30ctq9jbdcj'),
	(573, 182, 1, 1500, 0, 'qreu38b4o80e2hf30ctq9jbdcj'),
	(574, 182, 2, 1500, 0, 'qreu38b4o80e2hf30ctq9jbdcj'),
	(575, 182, 3, 1500, 0, 'qreu38b4o80e2hf30ctq9jbdcj'),
	(576, 182, 4, 1500, 0, 'qreu38b4o80e2hf30ctq9jbdcj'),
	(577, 183, 1, 1500, 0, 'qreu38b4o80e2hf30ctq9jbdcj'),
	(578, 183, 2, 1500, 0, 'qreu38b4o80e2hf30ctq9jbdcj'),
	(579, 183, 3, 1500, 0, 'qreu38b4o80e2hf30ctq9jbdcj'),
	(580, 183, 4, 1500, 0, 'qreu38b4o80e2hf30ctq9jbdcj'),
	(581, 184, 1, 1500, 0, 'qreu38b4o80e2hf30ctq9jbdcj'),
	(582, 184, 2, 1500, 0, 'qreu38b4o80e2hf30ctq9jbdcj'),
	(583, 184, 3, 1500, 0, 'qreu38b4o80e2hf30ctq9jbdcj'),
	(584, 184, 4, 1500, 0, 'qreu38b4o80e2hf30ctq9jbdcj'),
	(585, 185, 1, 1500, 0, 'qreu38b4o80e2hf30ctq9jbdcj'),
	(586, 185, 2, 1500, 0, 'qreu38b4o80e2hf30ctq9jbdcj'),
	(587, 185, 3, 1500, 0, 'qreu38b4o80e2hf30ctq9jbdcj'),
	(588, 185, 4, 1500, 0, 'qreu38b4o80e2hf30ctq9jbdcj'),
	(589, 186, 1, 1500, 0, 'qreu38b4o80e2hf30ctq9jbdcj'),
	(590, 186, 2, 1500, 0, 'qreu38b4o80e2hf30ctq9jbdcj'),
	(591, 186, 3, 1500, 0, 'qreu38b4o80e2hf30ctq9jbdcj'),
	(592, 186, 4, 1500, 0, 'qreu38b4o80e2hf30ctq9jbdcj'),
	(593, 187, 1, 1500, 0, 'qreu38b4o80e2hf30ctq9jbdcj'),
	(594, 187, 2, 1500, 0, 'qreu38b4o80e2hf30ctq9jbdcj'),
	(595, 187, 3, 1500, 0, 'qreu38b4o80e2hf30ctq9jbdcj'),
	(596, 187, 4, 1500, 0, 'qreu38b4o80e2hf30ctq9jbdcj'),
	(597, 188, 1, 1500, 0, 'qreu38b4o80e2hf30ctq9jbdcj'),
	(598, 188, 2, 1500, 0, 'qreu38b4o80e2hf30ctq9jbdcj'),
	(599, 188, 3, 1500, 0, 'qreu38b4o80e2hf30ctq9jbdcj'),
	(600, 188, 4, 1500, 0, 'qreu38b4o80e2hf30ctq9jbdcj'),
	(601, 189, 1, 1500, 0, 'qreu38b4o80e2hf30ctq9jbdcj'),
	(602, 189, 2, 1500, 0, 'qreu38b4o80e2hf30ctq9jbdcj'),
	(603, 189, 3, 1500, 0, 'qreu38b4o80e2hf30ctq9jbdcj'),
	(604, 189, 4, 1500, 0, 'qreu38b4o80e2hf30ctq9jbdcj'),
	(605, 190, 1, 1500, 0, 'qreu38b4o80e2hf30ctq9jbdcj'),
	(606, 190, 2, 1500, 0, 'qreu38b4o80e2hf30ctq9jbdcj'),
	(607, 190, 3, 1500, 0, 'qreu38b4o80e2hf30ctq9jbdcj'),
	(608, 190, 4, 1500, 0, 'qreu38b4o80e2hf30ctq9jbdcj'),
	(609, 191, 1, 1500, 0, 'qreu38b4o80e2hf30ctq9jbdcj'),
	(610, 191, 2, 1500, 0, 'qreu38b4o80e2hf30ctq9jbdcj'),
	(611, 191, 3, 1500, 0, 'qreu38b4o80e2hf30ctq9jbdcj'),
	(612, 191, 4, 1500, 0, 'qreu38b4o80e2hf30ctq9jbdcj'),
	(613, 192, 1, 1500, 0, 'qreu38b4o80e2hf30ctq9jbdcj'),
	(614, 192, 2, 1500, 0, 'qreu38b4o80e2hf30ctq9jbdcj'),
	(615, 192, 3, 1500, 0, 'qreu38b4o80e2hf30ctq9jbdcj'),
	(616, 192, 4, 1500, 0, 'qreu38b4o80e2hf30ctq9jbdcj'),
	(617, 193, 1, 1500, 0, 'qreu38b4o80e2hf30ctq9jbdcj'),
	(618, 193, 2, 1500, 0, 'qreu38b4o80e2hf30ctq9jbdcj'),
	(619, 193, 3, 1500, 0, 'qreu38b4o80e2hf30ctq9jbdcj'),
	(620, 193, 4, 1500, 0, 'qreu38b4o80e2hf30ctq9jbdcj'),
	(621, 194, 1, 1500, 0, 'qreu38b4o80e2hf30ctq9jbdcj'),
	(622, 194, 2, 1500, 0, 'qreu38b4o80e2hf30ctq9jbdcj'),
	(623, 194, 3, 1500, 0, 'qreu38b4o80e2hf30ctq9jbdcj'),
	(624, 194, 4, 1500, 0, 'qreu38b4o80e2hf30ctq9jbdcj'),
	(625, 195, 1, 1500, 0, 'qreu38b4o80e2hf30ctq9jbdcj'),
	(626, 195, 2, 1500, 0, 'qreu38b4o80e2hf30ctq9jbdcj'),
	(627, 195, 3, 1500, 0, 'qreu38b4o80e2hf30ctq9jbdcj'),
	(628, 195, 4, 1500, 0, 'qreu38b4o80e2hf30ctq9jbdcj'),
	(629, 196, 1, 1500, 0, 'qreu38b4o80e2hf30ctq9jbdcj'),
	(630, 196, 2, 1500, 0, 'qreu38b4o80e2hf30ctq9jbdcj'),
	(631, 196, 3, 1500, 0, 'qreu38b4o80e2hf30ctq9jbdcj'),
	(632, 196, 4, 1500, 0, 'qreu38b4o80e2hf30ctq9jbdcj'),
	(633, 197, 1, 1500, 0, 'qreu38b4o80e2hf30ctq9jbdcj'),
	(634, 197, 2, 1500, 0, 'qreu38b4o80e2hf30ctq9jbdcj'),
	(635, 197, 3, 1500, 0, 'qreu38b4o80e2hf30ctq9jbdcj'),
	(636, 197, 4, 1500, 0, 'qreu38b4o80e2hf30ctq9jbdcj'),
	(637, 198, 1, 1500, 0, 'qreu38b4o80e2hf30ctq9jbdcj'),
	(638, 198, 2, 1500, 0, 'qreu38b4o80e2hf30ctq9jbdcj'),
	(639, 198, 3, 1500, 0, 'qreu38b4o80e2hf30ctq9jbdcj'),
	(640, 198, 4, 1500, 0, 'qreu38b4o80e2hf30ctq9jbdcj'),
	(641, 199, 1, 1500, 0, 'qreu38b4o80e2hf30ctq9jbdcj'),
	(642, 199, 2, 1500, 0, 'qreu38b4o80e2hf30ctq9jbdcj'),
	(643, 199, 3, 1500, 0, 'qreu38b4o80e2hf30ctq9jbdcj'),
	(644, 199, 4, 1500, 0, 'qreu38b4o80e2hf30ctq9jbdcj'),
	(645, 200, 1, 1500, 0, 'qreu38b4o80e2hf30ctq9jbdcj'),
	(646, 200, 2, 1500, 0, 'qreu38b4o80e2hf30ctq9jbdcj'),
	(647, 200, 3, 1500, 0, 'qreu38b4o80e2hf30ctq9jbdcj'),
	(648, 200, 4, 1500, 0, 'qreu38b4o80e2hf30ctq9jbdcj'),
	(649, 201, 1, 1500, 0, 'qreu38b4o80e2hf30ctq9jbdcj'),
	(650, 201, 2, 1500, 0, 'qreu38b4o80e2hf30ctq9jbdcj'),
	(651, 201, 3, 1500, 0, 'qreu38b4o80e2hf30ctq9jbdcj'),
	(652, 201, 4, 1500, 0, 'qreu38b4o80e2hf30ctq9jbdcj'),
	(653, 202, 1, 1500, 0, 'qreu38b4o80e2hf30ctq9jbdcj'),
	(654, 202, 2, 1500, 0, 'qreu38b4o80e2hf30ctq9jbdcj'),
	(655, 202, 3, 1500, 0, 'qreu38b4o80e2hf30ctq9jbdcj'),
	(656, 202, 4, 1500, 0, 'qreu38b4o80e2hf30ctq9jbdcj'),
	(657, 203, 1, 1500, 0, 'qreu38b4o80e2hf30ctq9jbdcj'),
	(658, 203, 2, 1500, 0, 'qreu38b4o80e2hf30ctq9jbdcj'),
	(659, 203, 3, 1500, 0, 'qreu38b4o80e2hf30ctq9jbdcj'),
	(660, 203, 4, 1500, 0, 'qreu38b4o80e2hf30ctq9jbdcj'),
	(661, 204, 1, 1500, 0, 'qreu38b4o80e2hf30ctq9jbdcj'),
	(662, 204, 2, 1500, 0, 'qreu38b4o80e2hf30ctq9jbdcj'),
	(663, 204, 3, 1500, 0, 'qreu38b4o80e2hf30ctq9jbdcj'),
	(664, 204, 4, 1500, 0, 'qreu38b4o80e2hf30ctq9jbdcj'),
	(665, 205, 1, 1500, 0, 'qreu38b4o80e2hf30ctq9jbdcj'),
	(666, 205, 2, 1500, 0, 'qreu38b4o80e2hf30ctq9jbdcj'),
	(667, 205, 3, 1500, 0, 'qreu38b4o80e2hf30ctq9jbdcj'),
	(668, 205, 4, 1500, 0, 'qreu38b4o80e2hf30ctq9jbdcj'),
	(669, 206, 1, 1500, 0, 'qreu38b4o80e2hf30ctq9jbdcj'),
	(670, 206, 2, 1500, 0, 'qreu38b4o80e2hf30ctq9jbdcj'),
	(671, 206, 3, 1500, 0, 'qreu38b4o80e2hf30ctq9jbdcj'),
	(672, 206, 4, 1500, 0, 'qreu38b4o80e2hf30ctq9jbdcj'),
	(673, 207, 1, 1500, 0, 'qreu38b4o80e2hf30ctq9jbdcj'),
	(674, 207, 2, 1500, 0, 'qreu38b4o80e2hf30ctq9jbdcj'),
	(675, 207, 3, 1500, 0, 'qreu38b4o80e2hf30ctq9jbdcj'),
	(676, 207, 4, 1500, 0, 'qreu38b4o80e2hf30ctq9jbdcj'),
	(677, 208, 1, 1500, 0, 'qreu38b4o80e2hf30ctq9jbdcj'),
	(678, 208, 2, 1500, 0, 'qreu38b4o80e2hf30ctq9jbdcj'),
	(679, 208, 3, 1500, 0, 'qreu38b4o80e2hf30ctq9jbdcj'),
	(680, 208, 4, 1500, 0, 'qreu38b4o80e2hf30ctq9jbdcj'),
	(681, 209, 1, 1500, 0, 'qreu38b4o80e2hf30ctq9jbdcj'),
	(682, 209, 2, 1500, 0, 'qreu38b4o80e2hf30ctq9jbdcj'),
	(683, 209, 3, 1500, 0, 'qreu38b4o80e2hf30ctq9jbdcj'),
	(684, 209, 4, 1500, 0, 'qreu38b4o80e2hf30ctq9jbdcj'),
	(685, 210, 1, 1500, 0, 'qreu38b4o80e2hf30ctq9jbdcj'),
	(686, 210, 2, 1500, 0, 'qreu38b4o80e2hf30ctq9jbdcj'),
	(687, 210, 3, 1500, 0, 'qreu38b4o80e2hf30ctq9jbdcj'),
	(688, 210, 4, 1500, 0, 'qreu38b4o80e2hf30ctq9jbdcj'),
	(689, 211, 1, 1500, 0, 'qreu38b4o80e2hf30ctq9jbdcj'),
	(690, 211, 2, 1500, 0, 'qreu38b4o80e2hf30ctq9jbdcj'),
	(691, 211, 3, 1500, 0, 'qreu38b4o80e2hf30ctq9jbdcj'),
	(692, 211, 4, 1500, 0, 'qreu38b4o80e2hf30ctq9jbdcj'),
	(693, 212, 1, 1500, 0, 'qreu38b4o80e2hf30ctq9jbdcj'),
	(694, 212, 2, 1500, 0, 'qreu38b4o80e2hf30ctq9jbdcj'),
	(695, 212, 3, 1500, 0, 'qreu38b4o80e2hf30ctq9jbdcj'),
	(696, 212, 4, 1500, 0, 'qreu38b4o80e2hf30ctq9jbdcj'),
	(697, 213, 1, 1500, 4, 'mm3sho4tr7t96bm03l4aj8lak6'),
	(698, 213, 2, 1500, 10, 'mm3sho4tr7t96bm03l4aj8lak6'),
	(699, 213, 3, 1500, 0, 'mm3sho4tr7t96bm03l4aj8lak6'),
	(700, 213, 4, 1500, 0, 'mm3sho4tr7t96bm03l4aj8lak6'),
	(701, 214, 1, 1500, 0, 'mm3sho4tr7t96bm03l4aj8lak6'),
	(702, 214, 2, 1500, 0, 'mm3sho4tr7t96bm03l4aj8lak6'),
	(703, 214, 3, 1500, 0, 'mm3sho4tr7t96bm03l4aj8lak6'),
	(704, 214, 4, 1500, 0, 'mm3sho4tr7t96bm03l4aj8lak6'),
	(705, 215, 1, 1500, 0, 'mm3sho4tr7t96bm03l4aj8lak6'),
	(706, 215, 2, 1500, 0, 'mm3sho4tr7t96bm03l4aj8lak6'),
	(707, 215, 3, 1500, 0, 'mm3sho4tr7t96bm03l4aj8lak6'),
	(708, 215, 4, 1500, 0, 'mm3sho4tr7t96bm03l4aj8lak6'),
	(709, 216, 1, 1500, 0, 'mm3sho4tr7t96bm03l4aj8lak6'),
	(710, 216, 2, 1500, 0, 'mm3sho4tr7t96bm03l4aj8lak6'),
	(711, 216, 3, 1500, 0, 'mm3sho4tr7t96bm03l4aj8lak6'),
	(712, 216, 4, 1500, 0, 'mm3sho4tr7t96bm03l4aj8lak6'),
	(713, 217, 1, 1500, 0, 'mm3sho4tr7t96bm03l4aj8lak6'),
	(714, 217, 2, 1500, 0, 'mm3sho4tr7t96bm03l4aj8lak6'),
	(715, 217, 3, 1500, 0, 'mm3sho4tr7t96bm03l4aj8lak6'),
	(716, 217, 4, 1500, 0, 'mm3sho4tr7t96bm03l4aj8lak6'),
	(717, 218, 1, 1500, 0, 'mm3sho4tr7t96bm03l4aj8lak6'),
	(718, 218, 2, 1500, 0, 'mm3sho4tr7t96bm03l4aj8lak6'),
	(719, 218, 3, 1500, 0, 'mm3sho4tr7t96bm03l4aj8lak6'),
	(720, 218, 4, 1500, 0, 'mm3sho4tr7t96bm03l4aj8lak6'),
	(721, 219, 1, 1500, 0, 'mm3sho4tr7t96bm03l4aj8lak6'),
	(722, 219, 2, 1500, 0, 'mm3sho4tr7t96bm03l4aj8lak6'),
	(723, 219, 3, 1500, 0, 'mm3sho4tr7t96bm03l4aj8lak6'),
	(724, 219, 4, 1500, 0, 'mm3sho4tr7t96bm03l4aj8lak6'),
	(725, 220, 1, 1500, 0, 'mm3sho4tr7t96bm03l4aj8lak6'),
	(726, 220, 2, 1500, 0, 'mm3sho4tr7t96bm03l4aj8lak6'),
	(727, 220, 3, 1500, 0, 'mm3sho4tr7t96bm03l4aj8lak6'),
	(728, 220, 4, 1500, 0, 'mm3sho4tr7t96bm03l4aj8lak6'),
	(729, 221, 1, 1500, 0, 'mm3sho4tr7t96bm03l4aj8lak6'),
	(730, 221, 2, 1500, 0, 'mm3sho4tr7t96bm03l4aj8lak6'),
	(731, 221, 3, 1500, 0, 'mm3sho4tr7t96bm03l4aj8lak6'),
	(732, 221, 4, 1500, 0, 'mm3sho4tr7t96bm03l4aj8lak6'),
	(733, 222, 1, 1500, 0, 'mm3sho4tr7t96bm03l4aj8lak6'),
	(734, 222, 2, 1500, 0, 'mm3sho4tr7t96bm03l4aj8lak6'),
	(735, 222, 3, 1500, 0, 'mm3sho4tr7t96bm03l4aj8lak6'),
	(736, 222, 4, 1500, 0, 'mm3sho4tr7t96bm03l4aj8lak6'),
	(737, 223, 1, 1500, 0, 'mm3sho4tr7t96bm03l4aj8lak6'),
	(738, 223, 2, 1500, 0, 'mm3sho4tr7t96bm03l4aj8lak6'),
	(739, 223, 3, 1500, 0, 'mm3sho4tr7t96bm03l4aj8lak6'),
	(740, 223, 4, 1500, 0, 'mm3sho4tr7t96bm03l4aj8lak6'),
	(741, 224, 1, 1500, 0, 'mm3sho4tr7t96bm03l4aj8lak6'),
	(742, 224, 2, 1500, 0, 'mm3sho4tr7t96bm03l4aj8lak6'),
	(743, 224, 3, 1500, 0, 'mm3sho4tr7t96bm03l4aj8lak6'),
	(744, 224, 4, 1500, 0, 'mm3sho4tr7t96bm03l4aj8lak6'),
	(745, 225, 1, 1500, 0, 'mm3sho4tr7t96bm03l4aj8lak6'),
	(746, 225, 2, 1500, 0, 'mm3sho4tr7t96bm03l4aj8lak6'),
	(747, 225, 3, 1500, 0, 'mm3sho4tr7t96bm03l4aj8lak6'),
	(748, 225, 4, 1500, 0, 'mm3sho4tr7t96bm03l4aj8lak6'),
	(749, 226, 1, 1500, 11, 'tl0te8pbgooipc7rfn376rkag0'),
	(750, 226, 2, 1500, 17, 'tl0te8pbgooipc7rfn376rkag0'),
	(751, 226, 3, 1500, 5, 'tl0te8pbgooipc7rfn376rkag0'),
	(752, 226, 4, 1500, 0, 'tl0te8pbgooipc7rfn376rkag0'),
	(753, 227, 1, 1500, 0, 'tl0te8pbgooipc7rfn376rkag0'),
	(754, 227, 2, 1500, 0, 'tl0te8pbgooipc7rfn376rkag0'),
	(755, 227, 3, 1500, 0, 'tl0te8pbgooipc7rfn376rkag0'),
	(756, 227, 4, 1500, 0, 'tl0te8pbgooipc7rfn376rkag0'),
	(757, 228, 1, 1500, 0, 'tl0te8pbgooipc7rfn376rkag0'),
	(758, 228, 2, 1500, 0, 'tl0te8pbgooipc7rfn376rkag0'),
	(759, 228, 3, 1500, 0, 'tl0te8pbgooipc7rfn376rkag0'),
	(760, 228, 4, 1500, 0, 'tl0te8pbgooipc7rfn376rkag0'),
	(761, 229, 1, 1500, 0, 'tl0te8pbgooipc7rfn376rkag0'),
	(762, 229, 2, 1500, 0, 'tl0te8pbgooipc7rfn376rkag0'),
	(763, 229, 3, 1500, 0, 'tl0te8pbgooipc7rfn376rkag0'),
	(764, 229, 4, 1500, 0, 'tl0te8pbgooipc7rfn376rkag0'),
	(765, 230, 1, 1500, 0, 'tl0te8pbgooipc7rfn376rkag0'),
	(766, 230, 2, 1500, 0, 'tl0te8pbgooipc7rfn376rkag0'),
	(767, 230, 3, 1500, 0, 'tl0te8pbgooipc7rfn376rkag0'),
	(768, 230, 4, 1500, 0, 'tl0te8pbgooipc7rfn376rkag0'),
	(769, 231, 1, 1500, 0, 'tl0te8pbgooipc7rfn376rkag0'),
	(770, 231, 2, 1500, 0, 'tl0te8pbgooipc7rfn376rkag0'),
	(771, 231, 3, 1500, 0, 'tl0te8pbgooipc7rfn376rkag0'),
	(772, 231, 4, 1500, 0, 'tl0te8pbgooipc7rfn376rkag0'),
	(773, 232, 1, 1500, 0, 'tl0te8pbgooipc7rfn376rkag0'),
	(774, 232, 2, 1500, 0, 'tl0te8pbgooipc7rfn376rkag0'),
	(775, 232, 3, 1500, 0, 'tl0te8pbgooipc7rfn376rkag0'),
	(776, 232, 4, 1500, 0, 'tl0te8pbgooipc7rfn376rkag0'),
	(777, 233, 1, 1500, 0, 'tl0te8pbgooipc7rfn376rkag0'),
	(778, 233, 2, 1500, 0, 'tl0te8pbgooipc7rfn376rkag0'),
	(779, 233, 3, 1500, 0, 'tl0te8pbgooipc7rfn376rkag0'),
	(780, 233, 4, 1500, 0, 'tl0te8pbgooipc7rfn376rkag0'),
	(781, 234, 1, 1500, 0, 'tl0te8pbgooipc7rfn376rkag0'),
	(782, 234, 2, 1500, 0, 'tl0te8pbgooipc7rfn376rkag0'),
	(783, 234, 3, 1500, 0, 'tl0te8pbgooipc7rfn376rkag0'),
	(784, 234, 4, 1500, 0, 'tl0te8pbgooipc7rfn376rkag0'),
	(785, 235, 1, 1500, 0, 'tl0te8pbgooipc7rfn376rkag0'),
	(786, 235, 2, 1500, 0, 'tl0te8pbgooipc7rfn376rkag0'),
	(787, 235, 3, 1500, 0, 'tl0te8pbgooipc7rfn376rkag0'),
	(788, 235, 4, 1500, 0, 'tl0te8pbgooipc7rfn376rkag0'),
	(789, 236, 1, 1500, 0, 'tl0te8pbgooipc7rfn376rkag0'),
	(790, 236, 2, 1500, 0, 'tl0te8pbgooipc7rfn376rkag0'),
	(791, 236, 3, 1500, 0, 'tl0te8pbgooipc7rfn376rkag0'),
	(792, 236, 4, 1500, 0, 'tl0te8pbgooipc7rfn376rkag0'),
	(793, 237, 1, 1500, 0, 'tl0te8pbgooipc7rfn376rkag0'),
	(794, 237, 2, 1500, 0, 'tl0te8pbgooipc7rfn376rkag0'),
	(795, 237, 3, 1500, 0, 'tl0te8pbgooipc7rfn376rkag0'),
	(796, 237, 4, 1500, 0, 'tl0te8pbgooipc7rfn376rkag0'),
	(797, 238, 1, 1500, 11, 'cus98v9ggsbu5bqmat3fnl88ad'),
	(798, 238, 2, 1500, 7, 'cus98v9ggsbu5bqmat3fnl88ad'),
	(799, 238, 3, 1500, 10, 'cus98v9ggsbu5bqmat3fnl88ad'),
	(800, 238, 4, 1500, 0, 'cus98v9ggsbu5bqmat3fnl88ad'),
	(801, 239, 1, 1500, 0, 'cus98v9ggsbu5bqmat3fnl88ad'),
	(802, 239, 2, 1500, 0, 'cus98v9ggsbu5bqmat3fnl88ad'),
	(803, 239, 3, 1500, 0, 'cus98v9ggsbu5bqmat3fnl88ad'),
	(804, 239, 4, 1500, 0, 'cus98v9ggsbu5bqmat3fnl88ad'),
	(805, 240, 1, 1500, 0, 'cus98v9ggsbu5bqmat3fnl88ad'),
	(806, 240, 2, 1500, 0, 'cus98v9ggsbu5bqmat3fnl88ad'),
	(807, 240, 3, 1500, 0, 'cus98v9ggsbu5bqmat3fnl88ad'),
	(808, 240, 4, 1500, 0, 'cus98v9ggsbu5bqmat3fnl88ad'),
	(809, 241, 1, 1500, 0, 'cus98v9ggsbu5bqmat3fnl88ad'),
	(810, 241, 2, 1500, 0, 'cus98v9ggsbu5bqmat3fnl88ad'),
	(811, 241, 3, 1500, 0, 'cus98v9ggsbu5bqmat3fnl88ad'),
	(812, 241, 4, 1500, 0, 'cus98v9ggsbu5bqmat3fnl88ad'),
	(813, 242, 1, 1500, 0, 'cus98v9ggsbu5bqmat3fnl88ad'),
	(814, 242, 2, 1500, 0, 'cus98v9ggsbu5bqmat3fnl88ad'),
	(815, 242, 3, 1500, 0, 'cus98v9ggsbu5bqmat3fnl88ad'),
	(816, 242, 4, 1500, 0, 'cus98v9ggsbu5bqmat3fnl88ad'),
	(817, 243, 1, 1500, 0, 'cus98v9ggsbu5bqmat3fnl88ad'),
	(818, 243, 2, 1500, 0, 'cus98v9ggsbu5bqmat3fnl88ad'),
	(819, 243, 3, 1500, 0, 'cus98v9ggsbu5bqmat3fnl88ad'),
	(820, 243, 4, 1500, 0, 'cus98v9ggsbu5bqmat3fnl88ad'),
	(821, 244, 1, 1500, 0, 'cus98v9ggsbu5bqmat3fnl88ad'),
	(822, 244, 2, 1500, 0, 'cus98v9ggsbu5bqmat3fnl88ad'),
	(823, 244, 3, 1500, 0, 'cus98v9ggsbu5bqmat3fnl88ad'),
	(824, 244, 4, 1500, 0, 'cus98v9ggsbu5bqmat3fnl88ad'),
	(825, 245, 1, 1500, 0, 'cus98v9ggsbu5bqmat3fnl88ad'),
	(826, 245, 2, 1500, 0, 'cus98v9ggsbu5bqmat3fnl88ad'),
	(827, 245, 3, 1500, 0, 'cus98v9ggsbu5bqmat3fnl88ad'),
	(828, 245, 4, 1500, 0, 'cus98v9ggsbu5bqmat3fnl88ad'),
	(829, 246, 1, 1500, 0, 'cus98v9ggsbu5bqmat3fnl88ad'),
	(830, 246, 2, 1500, 0, 'cus98v9ggsbu5bqmat3fnl88ad'),
	(831, 246, 3, 1500, 0, 'cus98v9ggsbu5bqmat3fnl88ad'),
	(832, 246, 4, 1500, 0, 'cus98v9ggsbu5bqmat3fnl88ad'),
	(833, 247, 1, 1500, 0, 'cus98v9ggsbu5bqmat3fnl88ad'),
	(834, 247, 2, 1500, 0, 'cus98v9ggsbu5bqmat3fnl88ad'),
	(835, 247, 3, 1500, 0, 'cus98v9ggsbu5bqmat3fnl88ad'),
	(836, 247, 4, 1500, 0, 'cus98v9ggsbu5bqmat3fnl88ad'),
	(837, 248, 1, 1500, 0, 'cus98v9ggsbu5bqmat3fnl88ad'),
	(838, 248, 2, 1500, 0, 'cus98v9ggsbu5bqmat3fnl88ad'),
	(839, 248, 3, 1500, 0, 'cus98v9ggsbu5bqmat3fnl88ad'),
	(840, 248, 4, 1500, 0, 'cus98v9ggsbu5bqmat3fnl88ad'),
	(841, 249, 1, 1500, 0, 'cus98v9ggsbu5bqmat3fnl88ad'),
	(842, 249, 2, 1500, 0, 'cus98v9ggsbu5bqmat3fnl88ad'),
	(843, 249, 3, 1500, 0, 'cus98v9ggsbu5bqmat3fnl88ad'),
	(844, 249, 4, 1500, 0, 'cus98v9ggsbu5bqmat3fnl88ad'),
	(845, 250, 1, 1500, 8, '808alu63jqhj71l8svu72simig'),
	(846, 250, 2, 1500, 6, '808alu63jqhj71l8svu72simig'),
	(847, 250, 3, 1500, 0, '808alu63jqhj71l8svu72simig'),
	(848, 250, 4, 1500, 0, '808alu63jqhj71l8svu72simig'),
	(849, 251, 1, 1500, 0, '808alu63jqhj71l8svu72simig'),
	(850, 251, 2, 1500, 0, '808alu63jqhj71l8svu72simig'),
	(851, 251, 3, 1500, 0, '808alu63jqhj71l8svu72simig'),
	(852, 251, 4, 1500, 0, '808alu63jqhj71l8svu72simig'),
	(853, 252, 1, 1500, 0, '808alu63jqhj71l8svu72simig'),
	(854, 252, 2, 1500, 0, '808alu63jqhj71l8svu72simig'),
	(855, 252, 3, 1500, 0, '808alu63jqhj71l8svu72simig'),
	(856, 252, 4, 1500, 0, '808alu63jqhj71l8svu72simig'),
	(857, 253, 1, 1500, 0, '808alu63jqhj71l8svu72simig'),
	(858, 253, 2, 1500, 0, '808alu63jqhj71l8svu72simig'),
	(859, 253, 3, 1500, 0, '808alu63jqhj71l8svu72simig'),
	(860, 253, 4, 1500, 0, '808alu63jqhj71l8svu72simig'),
	(861, 254, 1, 1500, 0, '808alu63jqhj71l8svu72simig'),
	(862, 254, 2, 1500, 0, '808alu63jqhj71l8svu72simig'),
	(863, 254, 3, 1500, 0, '808alu63jqhj71l8svu72simig'),
	(864, 254, 4, 1500, 0, '808alu63jqhj71l8svu72simig'),
	(865, 255, 1, 1500, 0, '808alu63jqhj71l8svu72simig'),
	(866, 255, 2, 1500, 0, '808alu63jqhj71l8svu72simig'),
	(867, 255, 3, 1500, 0, '808alu63jqhj71l8svu72simig'),
	(868, 255, 4, 1500, 0, '808alu63jqhj71l8svu72simig'),
	(869, 256, 1, 1500, 0, '808alu63jqhj71l8svu72simig'),
	(870, 256, 2, 1500, 0, '808alu63jqhj71l8svu72simig'),
	(871, 256, 3, 1500, 0, '808alu63jqhj71l8svu72simig'),
	(872, 256, 4, 1500, 0, '808alu63jqhj71l8svu72simig'),
	(873, 257, 1, 1500, 5, '1rn825c9vbl2nrpoehln8tn5e7'),
	(874, 257, 2, 1500, 0, '1rn825c9vbl2nrpoehln8tn5e7'),
	(875, 257, 3, 1500, 0, '1rn825c9vbl2nrpoehln8tn5e7'),
	(876, 257, 4, 1500, 0, '1rn825c9vbl2nrpoehln8tn5e7'),
	(877, 258, 1, 1500, 0, '1rn825c9vbl2nrpoehln8tn5e7'),
	(878, 258, 2, 1500, 0, '1rn825c9vbl2nrpoehln8tn5e7'),
	(879, 258, 3, 1500, 0, '1rn825c9vbl2nrpoehln8tn5e7'),
	(880, 258, 4, 1500, 0, '1rn825c9vbl2nrpoehln8tn5e7'),
	(881, 259, 1, 1500, 0, '1rn825c9vbl2nrpoehln8tn5e7'),
	(882, 259, 2, 1500, 0, '1rn825c9vbl2nrpoehln8tn5e7'),
	(883, 259, 3, 1500, 0, '1rn825c9vbl2nrpoehln8tn5e7'),
	(884, 259, 4, 1500, 0, '1rn825c9vbl2nrpoehln8tn5e7'),
	(885, 260, 1, 1500, 0, '1rn825c9vbl2nrpoehln8tn5e7'),
	(886, 260, 2, 1500, 0, '1rn825c9vbl2nrpoehln8tn5e7'),
	(887, 260, 3, 1500, 0, '1rn825c9vbl2nrpoehln8tn5e7'),
	(888, 260, 4, 1500, 0, '1rn825c9vbl2nrpoehln8tn5e7'),
	(889, 261, 1, 1500, 0, '1rn825c9vbl2nrpoehln8tn5e7'),
	(890, 261, 2, 1500, 0, '1rn825c9vbl2nrpoehln8tn5e7'),
	(891, 261, 3, 1500, 0, '1rn825c9vbl2nrpoehln8tn5e7'),
	(892, 261, 4, 1500, 0, '1rn825c9vbl2nrpoehln8tn5e7'),
	(893, 262, 1, 1500, 10, 'jtn55ndjkgmhop5l19uu5im8i8'),
	(894, 262, 2, 1500, 6, 'jtn55ndjkgmhop5l19uu5im8i8'),
	(895, 262, 3, 1500, 0, 'jtn55ndjkgmhop5l19uu5im8i8'),
	(896, 262, 4, 1500, 0, 'jtn55ndjkgmhop5l19uu5im8i8'),
	(897, 263, 1, 1500, 0, 'jtn55ndjkgmhop5l19uu5im8i8'),
	(898, 263, 2, 1500, 0, 'jtn55ndjkgmhop5l19uu5im8i8'),
	(899, 263, 3, 1500, 0, 'jtn55ndjkgmhop5l19uu5im8i8'),
	(900, 263, 4, 1500, 0, 'jtn55ndjkgmhop5l19uu5im8i8'),
	(901, 264, 1, 1500, 0, 'jtn55ndjkgmhop5l19uu5im8i8'),
	(902, 264, 2, 1500, 0, 'jtn55ndjkgmhop5l19uu5im8i8'),
	(903, 264, 3, 1500, 0, 'jtn55ndjkgmhop5l19uu5im8i8'),
	(904, 264, 4, 1500, 0, 'jtn55ndjkgmhop5l19uu5im8i8'),
	(905, 265, 1, 1500, 0, 'jtn55ndjkgmhop5l19uu5im8i8'),
	(906, 265, 2, 1500, 0, 'jtn55ndjkgmhop5l19uu5im8i8'),
	(907, 265, 3, 1500, 0, 'jtn55ndjkgmhop5l19uu5im8i8'),
	(908, 265, 4, 1500, 0, 'jtn55ndjkgmhop5l19uu5im8i8'),
	(909, 266, 1, 1500, 0, 'jtn55ndjkgmhop5l19uu5im8i8'),
	(910, 266, 2, 1500, 0, 'jtn55ndjkgmhop5l19uu5im8i8'),
	(911, 266, 3, 1500, 0, 'jtn55ndjkgmhop5l19uu5im8i8'),
	(912, 266, 4, 1500, 0, 'jtn55ndjkgmhop5l19uu5im8i8'),
	(913, 267, 1, 1500, 0, 'jtn55ndjkgmhop5l19uu5im8i8'),
	(914, 267, 2, 1500, 0, 'jtn55ndjkgmhop5l19uu5im8i8'),
	(915, 267, 3, 1500, 0, 'jtn55ndjkgmhop5l19uu5im8i8'),
	(916, 267, 4, 1500, 0, 'jtn55ndjkgmhop5l19uu5im8i8'),
	(917, 268, 1, 1500, 0, 'jtn55ndjkgmhop5l19uu5im8i8'),
	(918, 268, 2, 1500, 0, 'jtn55ndjkgmhop5l19uu5im8i8'),
	(919, 268, 3, 1500, 0, 'jtn55ndjkgmhop5l19uu5im8i8'),
	(920, 268, 4, 1500, 0, 'jtn55ndjkgmhop5l19uu5im8i8'),
	(921, 269, 1, 1500, 0, 'jtn55ndjkgmhop5l19uu5im8i8'),
	(922, 269, 2, 1500, 0, 'jtn55ndjkgmhop5l19uu5im8i8'),
	(923, 269, 3, 1500, 0, 'jtn55ndjkgmhop5l19uu5im8i8'),
	(924, 269, 4, 1500, 0, 'jtn55ndjkgmhop5l19uu5im8i8'),
	(925, 270, 1, 1500, 18, 'ec6p3d0ikp6t4rdlpb0ptcre43'),
	(926, 270, 2, 1500, 8, 'ec6p3d0ikp6t4rdlpb0ptcre43'),
	(927, 270, 3, 1500, 11, 'ec6p3d0ikp6t4rdlpb0ptcre43'),
	(928, 270, 4, 1500, 14, 'ec6p3d0ikp6t4rdlpb0ptcre43'),
	(929, 271, 1, 1500, 0, 'ec6p3d0ikp6t4rdlpb0ptcre43'),
	(930, 271, 2, 1500, 0, 'ec6p3d0ikp6t4rdlpb0ptcre43'),
	(931, 271, 3, 1500, 0, 'ec6p3d0ikp6t4rdlpb0ptcre43'),
	(932, 271, 4, 1500, 0, 'ec6p3d0ikp6t4rdlpb0ptcre43'),
	(933, 272, 1, 1500, 0, 'ec6p3d0ikp6t4rdlpb0ptcre43'),
	(934, 272, 2, 1500, 0, 'ec6p3d0ikp6t4rdlpb0ptcre43'),
	(935, 272, 3, 1500, 0, 'ec6p3d0ikp6t4rdlpb0ptcre43'),
	(936, 272, 4, 1500, 0, 'ec6p3d0ikp6t4rdlpb0ptcre43'),
	(937, 273, 1, 1500, 0, 'ec6p3d0ikp6t4rdlpb0ptcre43'),
	(938, 273, 2, 1500, 0, 'ec6p3d0ikp6t4rdlpb0ptcre43'),
	(939, 273, 3, 1500, 0, 'ec6p3d0ikp6t4rdlpb0ptcre43'),
	(940, 273, 4, 1500, 0, 'ec6p3d0ikp6t4rdlpb0ptcre43'),
	(941, 274, 1, 1500, 0, 'ec6p3d0ikp6t4rdlpb0ptcre43'),
	(942, 274, 2, 1500, 0, 'ec6p3d0ikp6t4rdlpb0ptcre43'),
	(943, 274, 3, 1500, 0, 'ec6p3d0ikp6t4rdlpb0ptcre43'),
	(944, 274, 4, 1500, 0, 'ec6p3d0ikp6t4rdlpb0ptcre43'),
	(945, 275, 1, 1500, 0, 'ec6p3d0ikp6t4rdlpb0ptcre43'),
	(946, 275, 2, 1500, 0, 'ec6p3d0ikp6t4rdlpb0ptcre43'),
	(947, 275, 3, 1500, 0, 'ec6p3d0ikp6t4rdlpb0ptcre43'),
	(948, 275, 4, 1500, 0, 'ec6p3d0ikp6t4rdlpb0ptcre43'),
	(949, 276, 1, 1500, 0, 'ec6p3d0ikp6t4rdlpb0ptcre43'),
	(950, 276, 2, 1500, 0, 'ec6p3d0ikp6t4rdlpb0ptcre43'),
	(951, 276, 3, 1500, 0, 'ec6p3d0ikp6t4rdlpb0ptcre43'),
	(952, 276, 4, 1500, 0, 'ec6p3d0ikp6t4rdlpb0ptcre43'),
	(953, 277, 1, 1500, 0, 'ec6p3d0ikp6t4rdlpb0ptcre43'),
	(954, 277, 2, 1500, 0, 'ec6p3d0ikp6t4rdlpb0ptcre43'),
	(955, 277, 3, 1500, 0, 'ec6p3d0ikp6t4rdlpb0ptcre43'),
	(956, 277, 4, 1500, 0, 'ec6p3d0ikp6t4rdlpb0ptcre43'),
	(957, 278, 1, 1500, 0, 'ec6p3d0ikp6t4rdlpb0ptcre43'),
	(958, 278, 2, 1500, 0, 'ec6p3d0ikp6t4rdlpb0ptcre43'),
	(959, 278, 3, 1500, 0, 'ec6p3d0ikp6t4rdlpb0ptcre43'),
	(960, 278, 4, 1500, 0, 'ec6p3d0ikp6t4rdlpb0ptcre43'),
	(961, 279, 1, 1500, 0, 'ec6p3d0ikp6t4rdlpb0ptcre43'),
	(962, 279, 2, 1500, 0, 'ec6p3d0ikp6t4rdlpb0ptcre43'),
	(963, 279, 3, 1500, 0, 'ec6p3d0ikp6t4rdlpb0ptcre43'),
	(964, 279, 4, 1500, 0, 'ec6p3d0ikp6t4rdlpb0ptcre43'),
	(965, 280, 1, 1500, 0, 'ec6p3d0ikp6t4rdlpb0ptcre43'),
	(966, 280, 2, 1500, 0, 'ec6p3d0ikp6t4rdlpb0ptcre43'),
	(967, 280, 3, 1500, 0, 'ec6p3d0ikp6t4rdlpb0ptcre43'),
	(968, 280, 4, 1500, 0, 'ec6p3d0ikp6t4rdlpb0ptcre43'),
	(969, 281, 1, 1500, 0, 'ec6p3d0ikp6t4rdlpb0ptcre43'),
	(970, 281, 2, 1500, 0, 'ec6p3d0ikp6t4rdlpb0ptcre43'),
	(971, 281, 3, 1500, 0, 'ec6p3d0ikp6t4rdlpb0ptcre43'),
	(972, 281, 4, 1500, 0, 'ec6p3d0ikp6t4rdlpb0ptcre43'),
	(973, 282, 1, 1500, 0, 'ec6p3d0ikp6t4rdlpb0ptcre43'),
	(974, 282, 2, 1500, 0, 'ec6p3d0ikp6t4rdlpb0ptcre43'),
	(975, 282, 3, 1500, 0, 'ec6p3d0ikp6t4rdlpb0ptcre43'),
	(976, 282, 4, 1500, 0, 'ec6p3d0ikp6t4rdlpb0ptcre43'),
	(977, 283, 1, 1500, 0, 'ec6p3d0ikp6t4rdlpb0ptcre43'),
	(978, 283, 2, 1500, 0, 'ec6p3d0ikp6t4rdlpb0ptcre43'),
	(979, 283, 3, 1500, 0, 'ec6p3d0ikp6t4rdlpb0ptcre43'),
	(980, 283, 4, 1500, 0, 'ec6p3d0ikp6t4rdlpb0ptcre43'),
	(981, 284, 1, 1500, 0, 'ec6p3d0ikp6t4rdlpb0ptcre43'),
	(982, 284, 2, 1500, 0, 'ec6p3d0ikp6t4rdlpb0ptcre43'),
	(983, 284, 3, 1500, 0, 'ec6p3d0ikp6t4rdlpb0ptcre43'),
	(984, 284, 4, 1500, 0, 'ec6p3d0ikp6t4rdlpb0ptcre43'),
	(985, 285, 1, 1500, 0, 'ec6p3d0ikp6t4rdlpb0ptcre43'),
	(986, 285, 2, 1500, 0, 'ec6p3d0ikp6t4rdlpb0ptcre43'),
	(987, 285, 3, 1500, 0, 'ec6p3d0ikp6t4rdlpb0ptcre43'),
	(988, 285, 4, 1500, 0, 'ec6p3d0ikp6t4rdlpb0ptcre43'),
	(989, 286, 1, 1500, 0, 'ec6p3d0ikp6t4rdlpb0ptcre43'),
	(990, 286, 2, 1500, 0, 'ec6p3d0ikp6t4rdlpb0ptcre43'),
	(991, 286, 3, 1500, 0, 'ec6p3d0ikp6t4rdlpb0ptcre43'),
	(992, 286, 4, 1500, 0, 'ec6p3d0ikp6t4rdlpb0ptcre43'),
	(993, 287, 1, 1500, 0, 'ec6p3d0ikp6t4rdlpb0ptcre43'),
	(994, 287, 2, 1500, 0, 'ec6p3d0ikp6t4rdlpb0ptcre43'),
	(995, 287, 3, 1500, 0, 'ec6p3d0ikp6t4rdlpb0ptcre43'),
	(996, 287, 4, 1500, 0, 'ec6p3d0ikp6t4rdlpb0ptcre43'),
	(997, 288, 1, 1500, 0, 'ec6p3d0ikp6t4rdlpb0ptcre43'),
	(998, 288, 2, 1500, 0, 'ec6p3d0ikp6t4rdlpb0ptcre43'),
	(999, 288, 3, 1500, 0, 'ec6p3d0ikp6t4rdlpb0ptcre43'),
	(1000, 288, 4, 1500, 0, 'ec6p3d0ikp6t4rdlpb0ptcre43'),
	(1001, 289, 1, 1500, 0, 'ec6p3d0ikp6t4rdlpb0ptcre43'),
	(1002, 289, 2, 1500, 0, 'ec6p3d0ikp6t4rdlpb0ptcre43'),
	(1003, 289, 3, 1500, 0, 'ec6p3d0ikp6t4rdlpb0ptcre43'),
	(1004, 289, 4, 1500, 0, 'ec6p3d0ikp6t4rdlpb0ptcre43'),
	(1005, 290, 1, 1500, 0, 'ec6p3d0ikp6t4rdlpb0ptcre43'),
	(1006, 290, 2, 1500, 0, 'ec6p3d0ikp6t4rdlpb0ptcre43'),
	(1007, 290, 3, 1500, 0, 'ec6p3d0ikp6t4rdlpb0ptcre43'),
	(1008, 290, 4, 1500, 0, 'ec6p3d0ikp6t4rdlpb0ptcre43'),
	(1009, 291, 1, 1500, 7, 'pt0tttjls4avar97iovvcic7rc'),
	(1010, 291, 2, 1500, 6, 'pt0tttjls4avar97iovvcic7rc'),
	(1011, 291, 3, 1500, 11, 'pt0tttjls4avar97iovvcic7rc'),
	(1012, 291, 4, 1500, 0, 'pt0tttjls4avar97iovvcic7rc'),
	(1013, 292, 1, 1500, 0, 'pt0tttjls4avar97iovvcic7rc'),
	(1014, 292, 2, 1500, 0, 'pt0tttjls4avar97iovvcic7rc'),
	(1015, 292, 3, 1500, 0, 'pt0tttjls4avar97iovvcic7rc'),
	(1016, 292, 4, 1500, 0, 'pt0tttjls4avar97iovvcic7rc'),
	(1017, 293, 1, 1500, 0, 'pt0tttjls4avar97iovvcic7rc'),
	(1018, 293, 2, 1500, 0, 'pt0tttjls4avar97iovvcic7rc'),
	(1019, 293, 3, 1500, 0, 'pt0tttjls4avar97iovvcic7rc'),
	(1020, 293, 4, 1500, 0, 'pt0tttjls4avar97iovvcic7rc'),
	(1021, 294, 1, 1500, 0, 'pt0tttjls4avar97iovvcic7rc'),
	(1022, 294, 2, 1500, 0, 'pt0tttjls4avar97iovvcic7rc'),
	(1023, 294, 3, 1500, 0, 'pt0tttjls4avar97iovvcic7rc'),
	(1024, 294, 4, 1500, 0, 'pt0tttjls4avar97iovvcic7rc'),
	(1025, 295, 1, 1500, 0, 'pt0tttjls4avar97iovvcic7rc'),
	(1026, 295, 2, 1500, 0, 'pt0tttjls4avar97iovvcic7rc'),
	(1027, 295, 3, 1500, 0, 'pt0tttjls4avar97iovvcic7rc'),
	(1028, 295, 4, 1500, 0, 'pt0tttjls4avar97iovvcic7rc'),
	(1029, 296, 1, 1500, 0, 'pt0tttjls4avar97iovvcic7rc'),
	(1030, 296, 2, 1500, 0, 'pt0tttjls4avar97iovvcic7rc'),
	(1031, 296, 3, 1500, 0, 'pt0tttjls4avar97iovvcic7rc'),
	(1032, 296, 4, 1500, 0, 'pt0tttjls4avar97iovvcic7rc'),
	(1033, 297, 1, 1500, 0, 'pt0tttjls4avar97iovvcic7rc'),
	(1034, 297, 2, 1500, 0, 'pt0tttjls4avar97iovvcic7rc'),
	(1035, 297, 3, 1500, 0, 'pt0tttjls4avar97iovvcic7rc'),
	(1036, 297, 4, 1500, 0, 'pt0tttjls4avar97iovvcic7rc'),
	(1037, 298, 1, 1500, 0, 'pt0tttjls4avar97iovvcic7rc'),
	(1038, 298, 2, 1500, 0, 'pt0tttjls4avar97iovvcic7rc'),
	(1039, 298, 3, 1500, 0, 'pt0tttjls4avar97iovvcic7rc'),
	(1040, 298, 4, 1500, 0, 'pt0tttjls4avar97iovvcic7rc'),
	(1041, 299, 1, 1500, 0, 'pt0tttjls4avar97iovvcic7rc'),
	(1042, 299, 2, 1500, 0, 'pt0tttjls4avar97iovvcic7rc'),
	(1043, 299, 3, 1500, 0, 'pt0tttjls4avar97iovvcic7rc'),
	(1044, 299, 4, 1500, 0, 'pt0tttjls4avar97iovvcic7rc'),
	(1045, 300, 1, 1500, 0, 'pt0tttjls4avar97iovvcic7rc'),
	(1046, 300, 2, 1500, 0, 'pt0tttjls4avar97iovvcic7rc'),
	(1047, 300, 3, 1500, 0, 'pt0tttjls4avar97iovvcic7rc'),
	(1048, 300, 4, 1500, 0, 'pt0tttjls4avar97iovvcic7rc'),
	(1049, 301, 1, 1500, 0, 'pt0tttjls4avar97iovvcic7rc'),
	(1050, 301, 2, 1500, 0, 'pt0tttjls4avar97iovvcic7rc'),
	(1051, 301, 3, 1500, 0, 'pt0tttjls4avar97iovvcic7rc'),
	(1052, 301, 4, 1500, 0, 'pt0tttjls4avar97iovvcic7rc'),
	(1053, 302, 1, 1500, 15, '2kkam24alvc7281iiiu6p8ecai'),
	(1054, 302, 2, 1500, 8, '2kkam24alvc7281iiiu6p8ecai'),
	(1055, 302, 3, 1500, 0, '2kkam24alvc7281iiiu6p8ecai'),
	(1056, 302, 4, 1500, 0, '2kkam24alvc7281iiiu6p8ecai'),
	(1057, 303, 1, 1500, 0, '2kkam24alvc7281iiiu6p8ecai'),
	(1058, 303, 2, 1500, 0, '2kkam24alvc7281iiiu6p8ecai'),
	(1059, 303, 3, 1500, 0, '2kkam24alvc7281iiiu6p8ecai'),
	(1060, 303, 4, 1500, 0, '2kkam24alvc7281iiiu6p8ecai'),
	(1061, 304, 1, 1500, 0, '2kkam24alvc7281iiiu6p8ecai'),
	(1062, 304, 2, 1500, 0, '2kkam24alvc7281iiiu6p8ecai'),
	(1063, 304, 3, 1500, 0, '2kkam24alvc7281iiiu6p8ecai'),
	(1064, 304, 4, 1500, 0, '2kkam24alvc7281iiiu6p8ecai'),
	(1065, 305, 1, 1500, 0, '2kkam24alvc7281iiiu6p8ecai'),
	(1066, 305, 2, 1500, 0, '2kkam24alvc7281iiiu6p8ecai'),
	(1067, 305, 3, 1500, 0, '2kkam24alvc7281iiiu6p8ecai'),
	(1068, 305, 4, 1500, 0, '2kkam24alvc7281iiiu6p8ecai'),
	(1069, 306, 1, 1500, 0, '2kkam24alvc7281iiiu6p8ecai'),
	(1070, 306, 2, 1500, 0, '2kkam24alvc7281iiiu6p8ecai'),
	(1071, 306, 3, 1500, 0, '2kkam24alvc7281iiiu6p8ecai'),
	(1072, 306, 4, 1500, 0, '2kkam24alvc7281iiiu6p8ecai'),
	(1073, 307, 1, 1500, 0, '2kkam24alvc7281iiiu6p8ecai'),
	(1074, 307, 2, 1500, 0, '2kkam24alvc7281iiiu6p8ecai'),
	(1075, 307, 3, 1500, 0, '2kkam24alvc7281iiiu6p8ecai'),
	(1076, 307, 4, 1500, 0, '2kkam24alvc7281iiiu6p8ecai'),
	(1077, 308, 1, 1500, 0, '2kkam24alvc7281iiiu6p8ecai'),
	(1078, 308, 2, 1500, 0, '2kkam24alvc7281iiiu6p8ecai'),
	(1079, 308, 3, 1500, 0, '2kkam24alvc7281iiiu6p8ecai'),
	(1080, 308, 4, 1500, 0, '2kkam24alvc7281iiiu6p8ecai'),
	(1081, 309, 1, 1500, 0, '2kkam24alvc7281iiiu6p8ecai'),
	(1082, 309, 2, 1500, 0, '2kkam24alvc7281iiiu6p8ecai'),
	(1083, 309, 3, 1500, 0, '2kkam24alvc7281iiiu6p8ecai'),
	(1084, 309, 4, 1500, 0, '2kkam24alvc7281iiiu6p8ecai'),
	(1085, 310, 1, 1500, 0, '2kkam24alvc7281iiiu6p8ecai'),
	(1086, 310, 2, 1500, 0, '2kkam24alvc7281iiiu6p8ecai'),
	(1087, 310, 3, 1500, 0, '2kkam24alvc7281iiiu6p8ecai'),
	(1088, 310, 4, 1500, 0, '2kkam24alvc7281iiiu6p8ecai'),
	(1089, 311, 1, 1500, 5, 'mjqhapjk0tocmrbrbo65ug7e6k'),
	(1090, 311, 2, 1500, 15, 'mjqhapjk0tocmrbrbo65ug7e6k'),
	(1091, 311, 3, 1500, 0, 'mjqhapjk0tocmrbrbo65ug7e6k'),
	(1092, 311, 4, 1500, 0, 'mjqhapjk0tocmrbrbo65ug7e6k'),
	(1093, 312, 1, 1500, 0, 'mjqhapjk0tocmrbrbo65ug7e6k'),
	(1094, 312, 2, 1500, 0, 'mjqhapjk0tocmrbrbo65ug7e6k'),
	(1095, 312, 3, 1500, 0, 'mjqhapjk0tocmrbrbo65ug7e6k'),
	(1096, 312, 4, 1500, 0, 'mjqhapjk0tocmrbrbo65ug7e6k'),
	(1097, 313, 1, 1500, 0, 'mjqhapjk0tocmrbrbo65ug7e6k'),
	(1098, 313, 2, 1500, 0, 'mjqhapjk0tocmrbrbo65ug7e6k'),
	(1099, 313, 3, 1500, 0, 'mjqhapjk0tocmrbrbo65ug7e6k'),
	(1100, 313, 4, 1500, 0, 'mjqhapjk0tocmrbrbo65ug7e6k'),
	(1101, 314, 1, 1500, 0, 'mjqhapjk0tocmrbrbo65ug7e6k'),
	(1102, 314, 2, 1500, 0, 'mjqhapjk0tocmrbrbo65ug7e6k'),
	(1103, 314, 3, 1500, 0, 'mjqhapjk0tocmrbrbo65ug7e6k'),
	(1104, 314, 4, 1500, 0, 'mjqhapjk0tocmrbrbo65ug7e6k'),
	(1105, 315, 1, 1500, 0, 'mjqhapjk0tocmrbrbo65ug7e6k'),
	(1106, 315, 2, 1500, 0, 'mjqhapjk0tocmrbrbo65ug7e6k'),
	(1107, 315, 3, 1500, 0, 'mjqhapjk0tocmrbrbo65ug7e6k'),
	(1108, 315, 4, 1500, 0, 'mjqhapjk0tocmrbrbo65ug7e6k'),
	(1109, 316, 1, 1500, 0, 'mjqhapjk0tocmrbrbo65ug7e6k'),
	(1110, 316, 2, 1500, 0, 'mjqhapjk0tocmrbrbo65ug7e6k'),
	(1111, 316, 3, 1500, 0, 'mjqhapjk0tocmrbrbo65ug7e6k'),
	(1112, 316, 4, 1500, 0, 'mjqhapjk0tocmrbrbo65ug7e6k'),
	(1113, 317, 1, 1500, 0, 'mjqhapjk0tocmrbrbo65ug7e6k'),
	(1114, 317, 2, 1500, 0, 'mjqhapjk0tocmrbrbo65ug7e6k'),
	(1115, 317, 3, 1500, 0, 'mjqhapjk0tocmrbrbo65ug7e6k'),
	(1116, 317, 4, 1500, 0, 'mjqhapjk0tocmrbrbo65ug7e6k'),
	(1117, 318, 1, 1500, 0, 'mjqhapjk0tocmrbrbo65ug7e6k'),
	(1118, 318, 2, 1500, 0, 'mjqhapjk0tocmrbrbo65ug7e6k'),
	(1119, 318, 3, 1500, 0, 'mjqhapjk0tocmrbrbo65ug7e6k'),
	(1120, 318, 4, 1500, 0, 'mjqhapjk0tocmrbrbo65ug7e6k'),
	(1121, 319, 1, 1500, 0, 'mjqhapjk0tocmrbrbo65ug7e6k'),
	(1122, 319, 2, 1500, 0, 'mjqhapjk0tocmrbrbo65ug7e6k'),
	(1123, 319, 3, 1500, 0, 'mjqhapjk0tocmrbrbo65ug7e6k'),
	(1124, 319, 4, 1500, 0, 'mjqhapjk0tocmrbrbo65ug7e6k'),
	(1125, 320, 1, 1500, 0, 'mjqhapjk0tocmrbrbo65ug7e6k'),
	(1126, 320, 2, 1500, 0, 'mjqhapjk0tocmrbrbo65ug7e6k'),
	(1127, 320, 3, 1500, 0, 'mjqhapjk0tocmrbrbo65ug7e6k'),
	(1128, 320, 4, 1500, 0, 'mjqhapjk0tocmrbrbo65ug7e6k'),
	(1129, 321, 1, 1500, 7, 'jchl98n8p2hasaag2te7ggkm0r'),
	(1130, 321, 2, 1500, 8, 'jchl98n8p2hasaag2te7ggkm0r'),
	(1131, 321, 3, 1500, 0, 'jchl98n8p2hasaag2te7ggkm0r'),
	(1132, 321, 4, 1500, 0, 'jchl98n8p2hasaag2te7ggkm0r'),
	(1133, 322, 1, 1500, 0, 'jchl98n8p2hasaag2te7ggkm0r'),
	(1134, 322, 2, 1500, 0, 'jchl98n8p2hasaag2te7ggkm0r'),
	(1135, 322, 3, 1500, 0, 'jchl98n8p2hasaag2te7ggkm0r'),
	(1136, 322, 4, 1500, 0, 'jchl98n8p2hasaag2te7ggkm0r'),
	(1137, 323, 1, 1500, 0, 'jchl98n8p2hasaag2te7ggkm0r'),
	(1138, 323, 2, 1500, 0, 'jchl98n8p2hasaag2te7ggkm0r'),
	(1139, 323, 3, 1500, 0, 'jchl98n8p2hasaag2te7ggkm0r'),
	(1140, 323, 4, 1500, 0, 'jchl98n8p2hasaag2te7ggkm0r'),
	(1141, 324, 1, 1500, 0, 'jchl98n8p2hasaag2te7ggkm0r'),
	(1142, 324, 2, 1500, 0, 'jchl98n8p2hasaag2te7ggkm0r'),
	(1143, 324, 3, 1500, 0, 'jchl98n8p2hasaag2te7ggkm0r'),
	(1144, 324, 4, 1500, 0, 'jchl98n8p2hasaag2te7ggkm0r'),
	(1145, 325, 1, 1500, 0, 'jchl98n8p2hasaag2te7ggkm0r'),
	(1146, 325, 2, 1500, 0, 'jchl98n8p2hasaag2te7ggkm0r'),
	(1147, 325, 3, 1500, 0, 'jchl98n8p2hasaag2te7ggkm0r'),
	(1148, 325, 4, 1500, 0, 'jchl98n8p2hasaag2te7ggkm0r'),
	(1149, 326, 1, 1500, 0, 'jchl98n8p2hasaag2te7ggkm0r'),
	(1150, 326, 2, 1500, 0, 'jchl98n8p2hasaag2te7ggkm0r'),
	(1151, 326, 3, 1500, 0, 'jchl98n8p2hasaag2te7ggkm0r'),
	(1152, 326, 4, 1500, 0, 'jchl98n8p2hasaag2te7ggkm0r'),
	(1153, 327, 1, 1500, 0, 'jchl98n8p2hasaag2te7ggkm0r'),
	(1154, 327, 2, 1500, 0, 'jchl98n8p2hasaag2te7ggkm0r'),
	(1155, 327, 3, 1500, 0, 'jchl98n8p2hasaag2te7ggkm0r'),
	(1156, 327, 4, 1500, 0, 'jchl98n8p2hasaag2te7ggkm0r'),
	(1157, 328, 1, 1500, 7, '05e6aiksj3g69a5ah1bkjhp3ip'),
	(1158, 328, 2, 1500, 0, '05e6aiksj3g69a5ah1bkjhp3ip'),
	(1159, 328, 3, 1500, 0, '05e6aiksj3g69a5ah1bkjhp3ip'),
	(1160, 328, 4, 1500, 0, '05e6aiksj3g69a5ah1bkjhp3ip'),
	(1161, 329, 1, 1500, 0, '05e6aiksj3g69a5ah1bkjhp3ip'),
	(1162, 329, 2, 1500, 0, '05e6aiksj3g69a5ah1bkjhp3ip'),
	(1163, 329, 3, 1500, 0, '05e6aiksj3g69a5ah1bkjhp3ip'),
	(1164, 329, 4, 1500, 0, '05e6aiksj3g69a5ah1bkjhp3ip'),
	(1165, 330, 1, 1500, 0, '05e6aiksj3g69a5ah1bkjhp3ip'),
	(1166, 330, 2, 1500, 0, '05e6aiksj3g69a5ah1bkjhp3ip'),
	(1167, 330, 3, 1500, 0, '05e6aiksj3g69a5ah1bkjhp3ip'),
	(1168, 330, 4, 1500, 0, '05e6aiksj3g69a5ah1bkjhp3ip'),
	(1169, 331, 1, 1500, 7, 'mhp03mccassh4rp7cv3o54aree'),
	(1170, 331, 2, 1500, 0, 'mhp03mccassh4rp7cv3o54aree'),
	(1171, 331, 3, 1500, 0, 'mhp03mccassh4rp7cv3o54aree'),
	(1172, 331, 4, 1500, 0, 'mhp03mccassh4rp7cv3o54aree'),
	(1173, 332, 1, 1500, 0, 'mhp03mccassh4rp7cv3o54aree'),
	(1174, 332, 2, 1500, 0, 'mhp03mccassh4rp7cv3o54aree'),
	(1175, 332, 3, 1500, 0, 'mhp03mccassh4rp7cv3o54aree'),
	(1176, 332, 4, 1500, 0, 'mhp03mccassh4rp7cv3o54aree'),
	(1177, 333, 1, 1500, 0, 'mhp03mccassh4rp7cv3o54aree'),
	(1178, 333, 2, 1500, 0, 'mhp03mccassh4rp7cv3o54aree'),
	(1179, 333, 3, 1500, 0, 'mhp03mccassh4rp7cv3o54aree'),
	(1180, 333, 4, 1500, 0, 'mhp03mccassh4rp7cv3o54aree'),
	(1181, 334, 1, 1500, 8, '77jq0ihs6c3mqdevhdbsc2jpbe'),
	(1182, 334, 2, 1500, 0, '77jq0ihs6c3mqdevhdbsc2jpbe'),
	(1183, 334, 3, 1500, 0, '77jq0ihs6c3mqdevhdbsc2jpbe'),
	(1184, 334, 4, 1500, 0, '77jq0ihs6c3mqdevhdbsc2jpbe'),
	(1185, 335, 1, 1500, 0, '77jq0ihs6c3mqdevhdbsc2jpbe'),
	(1186, 335, 2, 1500, 0, '77jq0ihs6c3mqdevhdbsc2jpbe'),
	(1187, 335, 3, 1500, 0, '77jq0ihs6c3mqdevhdbsc2jpbe'),
	(1188, 335, 4, 1500, 0, '77jq0ihs6c3mqdevhdbsc2jpbe'),
	(1189, 336, 1, 1500, 0, '77jq0ihs6c3mqdevhdbsc2jpbe'),
	(1190, 336, 2, 1500, 0, '77jq0ihs6c3mqdevhdbsc2jpbe'),
	(1191, 336, 3, 1500, 0, '77jq0ihs6c3mqdevhdbsc2jpbe'),
	(1192, 336, 4, 1500, 0, '77jq0ihs6c3mqdevhdbsc2jpbe'),
	(1193, 337, 1, 1500, 0, '77jq0ihs6c3mqdevhdbsc2jpbe'),
	(1194, 337, 2, 1500, 0, '77jq0ihs6c3mqdevhdbsc2jpbe'),
	(1195, 337, 3, 1500, 0, '77jq0ihs6c3mqdevhdbsc2jpbe'),
	(1196, 337, 4, 1500, 0, '77jq0ihs6c3mqdevhdbsc2jpbe'),
	(1197, 338, 1, 1500, 4, '21nj05fteef96et2hjmanph82b'),
	(1198, 338, 2, 1500, 0, '21nj05fteef96et2hjmanph82b'),
	(1199, 338, 3, 1500, 0, '21nj05fteef96et2hjmanph82b'),
	(1200, 338, 4, 1500, 0, '21nj05fteef96et2hjmanph82b'),
	(1201, 339, 1, 1500, 0, '21nj05fteef96et2hjmanph82b'),
	(1202, 339, 2, 1500, 0, '21nj05fteef96et2hjmanph82b'),
	(1203, 339, 3, 1500, 0, '21nj05fteef96et2hjmanph82b'),
	(1204, 339, 4, 1500, 0, '21nj05fteef96et2hjmanph82b'),
	(1205, 340, 1, 1500, 0, '21nj05fteef96et2hjmanph82b'),
	(1206, 340, 2, 1500, 0, '21nj05fteef96et2hjmanph82b'),
	(1207, 340, 3, 1500, 0, '21nj05fteef96et2hjmanph82b'),
	(1208, 340, 4, 1500, 0, '21nj05fteef96et2hjmanph82b'),
	(1209, 341, 1, 1500, 0, '21nj05fteef96et2hjmanph82b'),
	(1210, 341, 2, 1500, 0, '21nj05fteef96et2hjmanph82b'),
	(1211, 341, 3, 1500, 0, '21nj05fteef96et2hjmanph82b'),
	(1212, 341, 4, 1500, 0, '21nj05fteef96et2hjmanph82b'),
	(1213, 342, 1, 1500, 9, 'btimk9kdiatm9vdho26sea71kg'),
	(1214, 342, 2, 1500, 7, 'btimk9kdiatm9vdho26sea71kg'),
	(1215, 342, 3, 1500, 0, 'btimk9kdiatm9vdho26sea71kg'),
	(1216, 342, 4, 1500, 0, 'btimk9kdiatm9vdho26sea71kg'),
	(1217, 343, 1, 1500, 0, 'btimk9kdiatm9vdho26sea71kg'),
	(1218, 343, 2, 1500, 0, 'btimk9kdiatm9vdho26sea71kg'),
	(1219, 343, 3, 1500, 0, 'btimk9kdiatm9vdho26sea71kg'),
	(1220, 343, 4, 1500, 0, 'btimk9kdiatm9vdho26sea71kg'),
	(1221, 344, 1, 1500, 0, 'btimk9kdiatm9vdho26sea71kg'),
	(1222, 344, 2, 1500, 0, 'btimk9kdiatm9vdho26sea71kg'),
	(1223, 344, 3, 1500, 0, 'btimk9kdiatm9vdho26sea71kg'),
	(1224, 344, 4, 1500, 0, 'btimk9kdiatm9vdho26sea71kg'),
	(1225, 345, 1, 1500, 0, 'btimk9kdiatm9vdho26sea71kg'),
	(1226, 345, 2, 1500, 0, 'btimk9kdiatm9vdho26sea71kg'),
	(1227, 345, 3, 1500, 0, 'btimk9kdiatm9vdho26sea71kg'),
	(1228, 345, 4, 1500, 0, 'btimk9kdiatm9vdho26sea71kg'),
	(1229, 346, 1, 1500, 0, 'btimk9kdiatm9vdho26sea71kg'),
	(1230, 346, 2, 1500, 0, 'btimk9kdiatm9vdho26sea71kg'),
	(1231, 346, 3, 1500, 0, 'btimk9kdiatm9vdho26sea71kg'),
	(1232, 346, 4, 1500, 0, 'btimk9kdiatm9vdho26sea71kg'),
	(1233, 347, 1, 1500, 0, 'btimk9kdiatm9vdho26sea71kg'),
	(1234, 347, 2, 1500, 0, 'btimk9kdiatm9vdho26sea71kg'),
	(1235, 347, 3, 1500, 0, 'btimk9kdiatm9vdho26sea71kg'),
	(1236, 347, 4, 1500, 0, 'btimk9kdiatm9vdho26sea71kg'),
	(1237, 348, 1, 1500, 0, 'btimk9kdiatm9vdho26sea71kg'),
	(1238, 348, 2, 1500, 0, 'btimk9kdiatm9vdho26sea71kg'),
	(1239, 348, 3, 1500, 0, 'btimk9kdiatm9vdho26sea71kg'),
	(1240, 348, 4, 1500, 0, 'btimk9kdiatm9vdho26sea71kg'),
	(1241, 349, 1, 1500, 11, 'q0r4rf7oab158oic77vtlhp8jg'),
	(1242, 349, 2, 1500, 5, 'q0r4rf7oab158oic77vtlhp8jg'),
	(1243, 349, 3, 1500, 0, 'q0r4rf7oab158oic77vtlhp8jg'),
	(1244, 349, 4, 1500, 0, 'q0r4rf7oab158oic77vtlhp8jg'),
	(1245, 350, 1, 1500, 0, 'q0r4rf7oab158oic77vtlhp8jg'),
	(1246, 350, 2, 1500, 0, 'q0r4rf7oab158oic77vtlhp8jg'),
	(1247, 350, 3, 1500, 0, 'q0r4rf7oab158oic77vtlhp8jg'),
	(1248, 350, 4, 1500, 0, 'q0r4rf7oab158oic77vtlhp8jg'),
	(1249, 351, 1, 1500, 0, 'q0r4rf7oab158oic77vtlhp8jg'),
	(1250, 351, 2, 1500, 0, 'q0r4rf7oab158oic77vtlhp8jg'),
	(1251, 351, 3, 1500, 0, 'q0r4rf7oab158oic77vtlhp8jg'),
	(1252, 351, 4, 1500, 0, 'q0r4rf7oab158oic77vtlhp8jg'),
	(1253, 352, 1, 1500, 0, 'q0r4rf7oab158oic77vtlhp8jg'),
	(1254, 352, 2, 1500, 0, 'q0r4rf7oab158oic77vtlhp8jg'),
	(1255, 352, 3, 1500, 0, 'q0r4rf7oab158oic77vtlhp8jg'),
	(1256, 352, 4, 1500, 0, 'q0r4rf7oab158oic77vtlhp8jg'),
	(1257, 353, 1, 1500, 0, 'q0r4rf7oab158oic77vtlhp8jg'),
	(1258, 353, 2, 1500, 0, 'q0r4rf7oab158oic77vtlhp8jg'),
	(1259, 353, 3, 1500, 0, 'q0r4rf7oab158oic77vtlhp8jg'),
	(1260, 353, 4, 1500, 0, 'q0r4rf7oab158oic77vtlhp8jg'),
	(1261, 354, 1, 1500, 0, 'q0r4rf7oab158oic77vtlhp8jg'),
	(1262, 354, 2, 1500, 0, 'q0r4rf7oab158oic77vtlhp8jg'),
	(1263, 354, 3, 1500, 0, 'q0r4rf7oab158oic77vtlhp8jg'),
	(1264, 354, 4, 1500, 0, 'q0r4rf7oab158oic77vtlhp8jg'),
	(1265, 355, 1, 1500, 0, 'q0r4rf7oab158oic77vtlhp8jg'),
	(1266, 355, 2, 1500, 0, 'q0r4rf7oab158oic77vtlhp8jg'),
	(1267, 355, 3, 1500, 0, 'q0r4rf7oab158oic77vtlhp8jg'),
	(1268, 355, 4, 1500, 0, 'q0r4rf7oab158oic77vtlhp8jg'),
	(1269, 356, 1, 1500, 9, 'vrsp0iph8utmim16l135pob183'),
	(1270, 356, 2, 1500, 5, 'vrsp0iph8utmim16l135pob183'),
	(1271, 356, 3, 1500, 8, 'vrsp0iph8utmim16l135pob183'),
	(1272, 356, 4, 1500, 34, 'vrsp0iph8utmim16l135pob183'),
	(1273, 357, 1, 1500, 0, 'vrsp0iph8utmim16l135pob183'),
	(1274, 357, 2, 1500, 0, 'vrsp0iph8utmim16l135pob183'),
	(1275, 357, 3, 1500, 0, 'vrsp0iph8utmim16l135pob183'),
	(1276, 357, 4, 1500, 0, 'vrsp0iph8utmim16l135pob183'),
	(1277, 358, 1, 1500, 0, 'vrsp0iph8utmim16l135pob183'),
	(1278, 358, 2, 1500, 0, 'vrsp0iph8utmim16l135pob183'),
	(1279, 358, 3, 1500, 0, 'vrsp0iph8utmim16l135pob183'),
	(1280, 358, 4, 1500, 0, 'vrsp0iph8utmim16l135pob183'),
	(1281, 359, 1, 1500, 0, 'vrsp0iph8utmim16l135pob183'),
	(1282, 359, 2, 1500, 0, 'vrsp0iph8utmim16l135pob183'),
	(1283, 359, 3, 1500, 0, 'vrsp0iph8utmim16l135pob183'),
	(1284, 359, 4, 1500, 0, 'vrsp0iph8utmim16l135pob183'),
	(1285, 360, 1, 1500, 0, 'vrsp0iph8utmim16l135pob183'),
	(1286, 360, 2, 1500, 0, 'vrsp0iph8utmim16l135pob183'),
	(1287, 360, 3, 1500, 0, 'vrsp0iph8utmim16l135pob183'),
	(1288, 360, 4, 1500, 0, 'vrsp0iph8utmim16l135pob183'),
	(1289, 361, 1, 1500, 0, 'vrsp0iph8utmim16l135pob183'),
	(1290, 361, 2, 1500, 0, 'vrsp0iph8utmim16l135pob183'),
	(1291, 361, 3, 1500, 0, 'vrsp0iph8utmim16l135pob183'),
	(1292, 361, 4, 1500, 0, 'vrsp0iph8utmim16l135pob183'),
	(1293, 362, 1, 1500, 0, 'vrsp0iph8utmim16l135pob183'),
	(1294, 362, 2, 1500, 0, 'vrsp0iph8utmim16l135pob183'),
	(1295, 362, 3, 1500, 0, 'vrsp0iph8utmim16l135pob183'),
	(1296, 362, 4, 1500, 0, 'vrsp0iph8utmim16l135pob183'),
	(1297, 363, 1, 1500, 0, 'vrsp0iph8utmim16l135pob183'),
	(1298, 363, 2, 1500, 0, 'vrsp0iph8utmim16l135pob183'),
	(1299, 363, 3, 1500, 0, 'vrsp0iph8utmim16l135pob183'),
	(1300, 363, 4, 1500, 0, 'vrsp0iph8utmim16l135pob183'),
	(1301, 364, 1, 1500, 0, 'vrsp0iph8utmim16l135pob183'),
	(1302, 364, 2, 1500, 0, 'vrsp0iph8utmim16l135pob183'),
	(1303, 364, 3, 1500, 0, 'vrsp0iph8utmim16l135pob183'),
	(1304, 364, 4, 1500, 0, 'vrsp0iph8utmim16l135pob183'),
	(1305, 365, 1, 1500, 0, 'vrsp0iph8utmim16l135pob183'),
	(1306, 365, 2, 1500, 0, 'vrsp0iph8utmim16l135pob183'),
	(1307, 365, 3, 1500, 0, 'vrsp0iph8utmim16l135pob183'),
	(1308, 365, 4, 1500, 0, 'vrsp0iph8utmim16l135pob183'),
	(1309, 366, 1, 1500, 0, 'vrsp0iph8utmim16l135pob183'),
	(1310, 366, 2, 1500, 0, 'vrsp0iph8utmim16l135pob183'),
	(1311, 366, 3, 1500, 0, 'vrsp0iph8utmim16l135pob183'),
	(1312, 366, 4, 1500, 0, 'vrsp0iph8utmim16l135pob183'),
	(1313, 367, 1, 1500, 0, 'vrsp0iph8utmim16l135pob183'),
	(1314, 367, 2, 1500, 0, 'vrsp0iph8utmim16l135pob183'),
	(1315, 367, 3, 1500, 0, 'vrsp0iph8utmim16l135pob183'),
	(1316, 367, 4, 1500, 0, 'vrsp0iph8utmim16l135pob183'),
	(1317, 368, 1, 1500, 0, 'vrsp0iph8utmim16l135pob183'),
	(1318, 368, 2, 1500, 0, 'vrsp0iph8utmim16l135pob183'),
	(1319, 368, 3, 1500, 0, 'vrsp0iph8utmim16l135pob183'),
	(1320, 368, 4, 1500, 0, 'vrsp0iph8utmim16l135pob183'),
	(1321, 369, 1, 1500, 0, 'vrsp0iph8utmim16l135pob183'),
	(1322, 369, 2, 1500, 0, 'vrsp0iph8utmim16l135pob183'),
	(1323, 369, 3, 1500, 0, 'vrsp0iph8utmim16l135pob183'),
	(1324, 369, 4, 1500, 0, 'vrsp0iph8utmim16l135pob183'),
	(1325, 370, 1, 1500, 0, 'vrsp0iph8utmim16l135pob183'),
	(1326, 370, 2, 1500, 0, 'vrsp0iph8utmim16l135pob183'),
	(1327, 370, 3, 1500, 0, 'vrsp0iph8utmim16l135pob183'),
	(1328, 370, 4, 1500, 0, 'vrsp0iph8utmim16l135pob183'),
	(1329, 371, 1, 1500, 0, 'vrsp0iph8utmim16l135pob183'),
	(1330, 371, 2, 1500, 0, 'vrsp0iph8utmim16l135pob183'),
	(1331, 371, 3, 1500, 0, 'vrsp0iph8utmim16l135pob183'),
	(1332, 371, 4, 1500, 0, 'vrsp0iph8utmim16l135pob183'),
	(1333, 372, 1, 1500, 0, 'vrsp0iph8utmim16l135pob183'),
	(1334, 372, 2, 1500, 0, 'vrsp0iph8utmim16l135pob183'),
	(1335, 372, 3, 1500, 0, 'vrsp0iph8utmim16l135pob183'),
	(1336, 372, 4, 1500, 0, 'vrsp0iph8utmim16l135pob183'),
	(1337, 373, 1, 1500, 0, 'vrsp0iph8utmim16l135pob183'),
	(1338, 373, 2, 1500, 0, 'vrsp0iph8utmim16l135pob183'),
	(1339, 373, 3, 1500, 0, 'vrsp0iph8utmim16l135pob183'),
	(1340, 373, 4, 1500, 0, 'vrsp0iph8utmim16l135pob183'),
	(1341, 374, 1, 1500, 0, 'vrsp0iph8utmim16l135pob183'),
	(1342, 374, 2, 1500, 0, 'vrsp0iph8utmim16l135pob183'),
	(1343, 374, 3, 1500, 0, 'vrsp0iph8utmim16l135pob183'),
	(1344, 374, 4, 1500, 0, 'vrsp0iph8utmim16l135pob183'),
	(1345, 375, 1, 1500, 0, 'vrsp0iph8utmim16l135pob183'),
	(1346, 375, 2, 1500, 0, 'vrsp0iph8utmim16l135pob183'),
	(1347, 375, 3, 1500, 0, 'vrsp0iph8utmim16l135pob183'),
	(1348, 375, 4, 1500, 0, 'vrsp0iph8utmim16l135pob183'),
	(1349, 376, 1, 1500, 0, 'vrsp0iph8utmim16l135pob183'),
	(1350, 376, 2, 1500, 0, 'vrsp0iph8utmim16l135pob183'),
	(1351, 376, 3, 1500, 0, 'vrsp0iph8utmim16l135pob183'),
	(1352, 376, 4, 1500, 0, 'vrsp0iph8utmim16l135pob183'),
	(1353, 377, 1, 1500, 0, 'vrsp0iph8utmim16l135pob183'),
	(1354, 377, 2, 1500, 0, 'vrsp0iph8utmim16l135pob183'),
	(1355, 377, 3, 1500, 0, 'vrsp0iph8utmim16l135pob183'),
	(1356, 377, 4, 1500, 0, 'vrsp0iph8utmim16l135pob183'),
	(1357, 378, 1, 1500, 0, 'vrsp0iph8utmim16l135pob183'),
	(1358, 378, 2, 1500, 0, 'vrsp0iph8utmim16l135pob183'),
	(1359, 378, 3, 1500, 0, 'vrsp0iph8utmim16l135pob183'),
	(1360, 378, 4, 1500, 0, 'vrsp0iph8utmim16l135pob183'),
	(1361, 379, 1, 1500, 0, 'vrsp0iph8utmim16l135pob183'),
	(1362, 379, 2, 1500, 0, 'vrsp0iph8utmim16l135pob183'),
	(1363, 379, 3, 1500, 0, 'vrsp0iph8utmim16l135pob183'),
	(1364, 379, 4, 1500, 0, 'vrsp0iph8utmim16l135pob183'),
	(1365, 380, 1, 1500, 0, 'vrsp0iph8utmim16l135pob183'),
	(1366, 380, 2, 1500, 0, 'vrsp0iph8utmim16l135pob183'),
	(1367, 380, 3, 1500, 0, 'vrsp0iph8utmim16l135pob183'),
	(1368, 380, 4, 1500, 0, 'vrsp0iph8utmim16l135pob183'),
	(1369, 381, 1, 1500, 0, 'vrsp0iph8utmim16l135pob183'),
	(1370, 381, 2, 1500, 0, 'vrsp0iph8utmim16l135pob183'),
	(1371, 381, 3, 1500, 0, 'vrsp0iph8utmim16l135pob183'),
	(1372, 381, 4, 1500, 0, 'vrsp0iph8utmim16l135pob183'),
	(1373, 382, 1, 1500, 0, 'vrsp0iph8utmim16l135pob183'),
	(1374, 382, 2, 1500, 0, 'vrsp0iph8utmim16l135pob183'),
	(1375, 382, 3, 1500, 0, 'vrsp0iph8utmim16l135pob183'),
	(1376, 382, 4, 1500, 0, 'vrsp0iph8utmim16l135pob183'),
	(1377, 383, 1, 1500, 0, 'vrsp0iph8utmim16l135pob183'),
	(1378, 383, 2, 1500, 0, 'vrsp0iph8utmim16l135pob183'),
	(1379, 383, 3, 1500, 0, 'vrsp0iph8utmim16l135pob183'),
	(1380, 383, 4, 1500, 0, 'vrsp0iph8utmim16l135pob183'),
	(1381, 384, 1, 1500, 0, 'vrsp0iph8utmim16l135pob183'),
	(1382, 384, 2, 1500, 0, 'vrsp0iph8utmim16l135pob183'),
	(1383, 384, 3, 1500, 0, 'vrsp0iph8utmim16l135pob183'),
	(1384, 384, 4, 1500, 0, 'vrsp0iph8utmim16l135pob183'),
	(1385, 385, 1, 1500, 7, '84icikgjgq31t2nce5doi7cgh1'),
	(1386, 385, 2, 1500, 20, '84icikgjgq31t2nce5doi7cgh1'),
	(1387, 385, 3, 1500, 0, '84icikgjgq31t2nce5doi7cgh1'),
	(1388, 385, 4, 1500, 0, '84icikgjgq31t2nce5doi7cgh1'),
	(1389, 386, 1, 1500, 0, '84icikgjgq31t2nce5doi7cgh1'),
	(1390, 386, 2, 1500, 0, '84icikgjgq31t2nce5doi7cgh1'),
	(1391, 386, 3, 1500, 0, '84icikgjgq31t2nce5doi7cgh1'),
	(1392, 386, 4, 1500, 0, '84icikgjgq31t2nce5doi7cgh1'),
	(1393, 387, 1, 1500, 0, '84icikgjgq31t2nce5doi7cgh1'),
	(1394, 387, 2, 1500, 0, '84icikgjgq31t2nce5doi7cgh1'),
	(1395, 387, 3, 1500, 0, '84icikgjgq31t2nce5doi7cgh1'),
	(1396, 387, 4, 1500, 0, '84icikgjgq31t2nce5doi7cgh1'),
	(1397, 388, 1, 1500, 0, '84icikgjgq31t2nce5doi7cgh1'),
	(1398, 388, 2, 1500, 0, '84icikgjgq31t2nce5doi7cgh1'),
	(1399, 388, 3, 1500, 0, '84icikgjgq31t2nce5doi7cgh1'),
	(1400, 388, 4, 1500, 0, '84icikgjgq31t2nce5doi7cgh1'),
	(1401, 389, 1, 1500, 0, '84icikgjgq31t2nce5doi7cgh1'),
	(1402, 389, 2, 1500, 0, '84icikgjgq31t2nce5doi7cgh1'),
	(1403, 389, 3, 1500, 0, '84icikgjgq31t2nce5doi7cgh1'),
	(1404, 389, 4, 1500, 0, '84icikgjgq31t2nce5doi7cgh1'),
	(1405, 390, 1, 1500, 0, '84icikgjgq31t2nce5doi7cgh1'),
	(1406, 390, 2, 1500, 0, '84icikgjgq31t2nce5doi7cgh1'),
	(1407, 390, 3, 1500, 0, '84icikgjgq31t2nce5doi7cgh1'),
	(1408, 390, 4, 1500, 0, '84icikgjgq31t2nce5doi7cgh1'),
	(1409, 391, 1, 1500, 0, '84icikgjgq31t2nce5doi7cgh1'),
	(1410, 391, 2, 1500, 0, '84icikgjgq31t2nce5doi7cgh1'),
	(1411, 391, 3, 1500, 0, '84icikgjgq31t2nce5doi7cgh1'),
	(1412, 391, 4, 1500, 0, '84icikgjgq31t2nce5doi7cgh1'),
	(1413, 392, 1, 1500, 0, '84icikgjgq31t2nce5doi7cgh1'),
	(1414, 392, 2, 1500, 0, '84icikgjgq31t2nce5doi7cgh1'),
	(1415, 392, 3, 1500, 0, '84icikgjgq31t2nce5doi7cgh1'),
	(1416, 392, 4, 1500, 0, '84icikgjgq31t2nce5doi7cgh1'),
	(1417, 393, 1, 1500, 0, '84icikgjgq31t2nce5doi7cgh1'),
	(1418, 393, 2, 1500, 0, '84icikgjgq31t2nce5doi7cgh1'),
	(1419, 393, 3, 1500, 0, '84icikgjgq31t2nce5doi7cgh1'),
	(1420, 393, 4, 1500, 0, '84icikgjgq31t2nce5doi7cgh1'),
	(1421, 394, 1, 1500, 0, '84icikgjgq31t2nce5doi7cgh1'),
	(1422, 394, 2, 1500, 0, '84icikgjgq31t2nce5doi7cgh1'),
	(1423, 394, 3, 1500, 0, '84icikgjgq31t2nce5doi7cgh1'),
	(1424, 394, 4, 1500, 0, '84icikgjgq31t2nce5doi7cgh1'),
	(1425, 395, 1, 1500, 0, '84icikgjgq31t2nce5doi7cgh1'),
	(1426, 395, 2, 1500, 0, '84icikgjgq31t2nce5doi7cgh1'),
	(1427, 395, 3, 1500, 0, '84icikgjgq31t2nce5doi7cgh1'),
	(1428, 395, 4, 1500, 0, '84icikgjgq31t2nce5doi7cgh1'),
	(1429, 396, 1, 1500, 0, '84icikgjgq31t2nce5doi7cgh1'),
	(1430, 396, 2, 1500, 0, '84icikgjgq31t2nce5doi7cgh1'),
	(1431, 396, 3, 1500, 0, '84icikgjgq31t2nce5doi7cgh1'),
	(1432, 396, 4, 1500, 0, '84icikgjgq31t2nce5doi7cgh1'),
	(1433, 397, 1, 1500, 0, '84icikgjgq31t2nce5doi7cgh1'),
	(1434, 397, 2, 1500, 0, '84icikgjgq31t2nce5doi7cgh1'),
	(1435, 397, 3, 1500, 0, '84icikgjgq31t2nce5doi7cgh1'),
	(1436, 397, 4, 1500, 0, '84icikgjgq31t2nce5doi7cgh1'),
	(1437, 398, 1, 1500, 0, '84icikgjgq31t2nce5doi7cgh1'),
	(1438, 398, 2, 1500, 0, '84icikgjgq31t2nce5doi7cgh1'),
	(1439, 398, 3, 1500, 0, '84icikgjgq31t2nce5doi7cgh1'),
	(1440, 398, 4, 1500, 0, '84icikgjgq31t2nce5doi7cgh1'),
	(1441, 399, 1, 1500, 0, '84icikgjgq31t2nce5doi7cgh1'),
	(1442, 399, 2, 1500, 0, '84icikgjgq31t2nce5doi7cgh1'),
	(1443, 399, 3, 1500, 0, '84icikgjgq31t2nce5doi7cgh1'),
	(1444, 399, 4, 1500, 0, '84icikgjgq31t2nce5doi7cgh1'),
	(1445, 400, 1, 1500, 0, 'clikq8gqjba8gv1r03hpbij0qq'),
	(1446, 400, 2, 1500, 0, 'clikq8gqjba8gv1r03hpbij0qq'),
	(1447, 400, 3, 1500, 0, 'clikq8gqjba8gv1r03hpbij0qq'),
	(1448, 400, 4, 1500, 0, 'clikq8gqjba8gv1r03hpbij0qq'),
	(1449, 401, 1, 1500, 0, 'clikq8gqjba8gv1r03hpbij0qq'),
	(1450, 401, 2, 1500, 0, 'clikq8gqjba8gv1r03hpbij0qq'),
	(1451, 401, 3, 1500, 0, 'clikq8gqjba8gv1r03hpbij0qq'),
	(1452, 401, 4, 1500, 0, 'clikq8gqjba8gv1r03hpbij0qq'),
	(1453, 402, 1, 1500, 0, '44alh29uaip6k36ovbf6u1inr2'),
	(1454, 402, 2, 1500, 0, '44alh29uaip6k36ovbf6u1inr2'),
	(1455, 402, 3, 1500, 0, '44alh29uaip6k36ovbf6u1inr2'),
	(1456, 402, 4, 1500, 0, '44alh29uaip6k36ovbf6u1inr2'),
	(1457, 403, 1, 1500, 0, '44alh29uaip6k36ovbf6u1inr2'),
	(1458, 403, 2, 1500, 0, '44alh29uaip6k36ovbf6u1inr2'),
	(1459, 403, 3, 1500, 0, '44alh29uaip6k36ovbf6u1inr2'),
	(1460, 403, 4, 1500, 0, '44alh29uaip6k36ovbf6u1inr2'),
	(1461, 404, 1, 1500, 0, '44alh29uaip6k36ovbf6u1inr2'),
	(1462, 404, 2, 1500, 0, '44alh29uaip6k36ovbf6u1inr2'),
	(1463, 404, 3, 1500, 0, '44alh29uaip6k36ovbf6u1inr2'),
	(1464, 404, 4, 1500, 0, '44alh29uaip6k36ovbf6u1inr2'),
	(1465, 405, 1, 1500, 0, '44alh29uaip6k36ovbf6u1inr2'),
	(1466, 405, 2, 1500, 0, '44alh29uaip6k36ovbf6u1inr2'),
	(1467, 405, 3, 1500, 0, '44alh29uaip6k36ovbf6u1inr2'),
	(1468, 405, 4, 1500, 0, '44alh29uaip6k36ovbf6u1inr2'),
	(1469, 406, 1, 1500, 0, 'itmkg4k8rstrpf4bm2e1fsi1cg'),
	(1470, 406, 2, 1500, 0, 'itmkg4k8rstrpf4bm2e1fsi1cg'),
	(1471, 406, 3, 1500, 0, 'itmkg4k8rstrpf4bm2e1fsi1cg'),
	(1472, 406, 4, 1500, 0, 'itmkg4k8rstrpf4bm2e1fsi1cg'),
	(1473, 407, 1, 1500, 0, 'itmkg4k8rstrpf4bm2e1fsi1cg'),
	(1474, 407, 2, 1500, 0, 'itmkg4k8rstrpf4bm2e1fsi1cg'),
	(1475, 407, 3, 1500, 0, 'itmkg4k8rstrpf4bm2e1fsi1cg'),
	(1476, 407, 4, 1500, 0, 'itmkg4k8rstrpf4bm2e1fsi1cg'),
	(1477, 408, 1, 1500, 0, 'itmkg4k8rstrpf4bm2e1fsi1cg'),
	(1478, 408, 2, 1500, 0, 'itmkg4k8rstrpf4bm2e1fsi1cg'),
	(1479, 408, 3, 1500, 0, 'itmkg4k8rstrpf4bm2e1fsi1cg'),
	(1480, 408, 4, 1500, 0, 'itmkg4k8rstrpf4bm2e1fsi1cg'),
	(1481, 409, 1, 1500, 0, 'itmkg4k8rstrpf4bm2e1fsi1cg'),
	(1482, 409, 2, 1500, 0, 'itmkg4k8rstrpf4bm2e1fsi1cg'),
	(1483, 409, 3, 1500, 0, 'itmkg4k8rstrpf4bm2e1fsi1cg'),
	(1484, 409, 4, 1500, 0, 'itmkg4k8rstrpf4bm2e1fsi1cg'),
	(1485, 410, 1, 1500, 0, 'dsjbct223532qtbqh55ng3220k'),
	(1486, 410, 2, 1500, 0, 'dsjbct223532qtbqh55ng3220k'),
	(1487, 410, 3, 1500, 0, 'dsjbct223532qtbqh55ng3220k'),
	(1488, 410, 4, 1500, 0, 'dsjbct223532qtbqh55ng3220k'),
	(1489, 411, 1, 1500, 0, 'dsjbct223532qtbqh55ng3220k'),
	(1490, 411, 2, 1500, 0, 'dsjbct223532qtbqh55ng3220k'),
	(1491, 411, 3, 1500, 0, 'dsjbct223532qtbqh55ng3220k'),
	(1492, 411, 4, 1500, 0, 'dsjbct223532qtbqh55ng3220k'),
	(1493, 412, 1, 1500, 0, 'f3bnlhbv66nh1c9r8fad5s27cm'),
	(1494, 412, 2, 1500, 0, 'f3bnlhbv66nh1c9r8fad5s27cm'),
	(1495, 412, 3, 1500, 0, 'f3bnlhbv66nh1c9r8fad5s27cm'),
	(1496, 412, 4, 1500, 0, 'f3bnlhbv66nh1c9r8fad5s27cm'),
	(1497, 413, 1, 1500, 0, 'f3bnlhbv66nh1c9r8fad5s27cm'),
	(1498, 413, 2, 1500, 0, 'f3bnlhbv66nh1c9r8fad5s27cm'),
	(1499, 413, 3, 1500, 0, 'f3bnlhbv66nh1c9r8fad5s27cm'),
	(1500, 413, 4, 1500, 0, 'f3bnlhbv66nh1c9r8fad5s27cm'),
	(1501, 414, 1, 1500, 0, 'f3bnlhbv66nh1c9r8fad5s27cm'),
	(1502, 414, 2, 1500, 0, 'f3bnlhbv66nh1c9r8fad5s27cm'),
	(1503, 414, 3, 1500, 0, 'f3bnlhbv66nh1c9r8fad5s27cm'),
	(1504, 414, 4, 1500, 0, 'f3bnlhbv66nh1c9r8fad5s27cm'),
	(1505, 415, 1, 1500, 0, 'k9p7gvta4l1281ujv25sk75n6f'),
	(1506, 415, 2, 1500, 0, 'k9p7gvta4l1281ujv25sk75n6f'),
	(1507, 415, 3, 1500, 0, 'k9p7gvta4l1281ujv25sk75n6f'),
	(1508, 415, 4, 1500, 0, 'k9p7gvta4l1281ujv25sk75n6f'),
	(1509, 416, 1, 1500, 0, 'jb6m9oi8mko8jqiur6fnh58crv'),
	(1510, 416, 2, 1500, 0, 'jb6m9oi8mko8jqiur6fnh58crv'),
	(1511, 416, 3, 1500, 0, 'jb6m9oi8mko8jqiur6fnh58crv'),
	(1512, 416, 4, 1500, 0, 'jb6m9oi8mko8jqiur6fnh58crv'),
	(1513, 417, 1, 1260, 32, '06pg1mspbit6t3du3dkmrbpuqp'),
	(1514, 417, 2, 1500, 0, '06pg1mspbit6t3du3dkmrbpuqp'),
	(1515, 417, 3, 1500, 0, '06pg1mspbit6t3du3dkmrbpuqp'),
	(1516, 417, 4, 1500, 0, '06pg1mspbit6t3du3dkmrbpuqp'),
	(1517, 418, 1, 1500, 0, '06pg1mspbit6t3du3dkmrbpuqp'),
	(1518, 418, 2, 1500, 0, '06pg1mspbit6t3du3dkmrbpuqp'),
	(1519, 418, 3, 1500, 0, '06pg1mspbit6t3du3dkmrbpuqp'),
	(1520, 418, 4, 1500, 0, '06pg1mspbit6t3du3dkmrbpuqp'),
	(1521, 419, 1, 1500, 0, '06pg1mspbit6t3du3dkmrbpuqp'),
	(1522, 419, 2, 1500, 0, '06pg1mspbit6t3du3dkmrbpuqp'),
	(1523, 419, 3, 1500, 0, '06pg1mspbit6t3du3dkmrbpuqp'),
	(1524, 419, 4, 1500, 0, '06pg1mspbit6t3du3dkmrbpuqp'),
	(1525, 420, 1, 1500, 0, '06pg1mspbit6t3du3dkmrbpuqp'),
	(1526, 420, 2, 1500, 0, '06pg1mspbit6t3du3dkmrbpuqp'),
	(1527, 420, 3, 1500, 0, '06pg1mspbit6t3du3dkmrbpuqp'),
	(1528, 420, 4, 1500, 0, '06pg1mspbit6t3du3dkmrbpuqp'),
	(1529, 421, 1, 1500, 0, '06pg1mspbit6t3du3dkmrbpuqp'),
	(1530, 421, 2, 1500, 0, '06pg1mspbit6t3du3dkmrbpuqp'),
	(1531, 421, 3, 1500, 0, '06pg1mspbit6t3du3dkmrbpuqp'),
	(1532, 421, 4, 1500, 0, '06pg1mspbit6t3du3dkmrbpuqp'),
	(1533, 422, 1, 1500, 0, '06pg1mspbit6t3du3dkmrbpuqp'),
	(1534, 422, 2, 1500, 0, '06pg1mspbit6t3du3dkmrbpuqp'),
	(1535, 422, 3, 1500, 0, '06pg1mspbit6t3du3dkmrbpuqp'),
	(1536, 422, 4, 1500, 0, '06pg1mspbit6t3du3dkmrbpuqp'),
	(1537, 423, 1, 1500, 0, '06pg1mspbit6t3du3dkmrbpuqp'),
	(1538, 423, 2, 1500, 0, '06pg1mspbit6t3du3dkmrbpuqp'),
	(1539, 423, 3, 1500, 0, '06pg1mspbit6t3du3dkmrbpuqp'),
	(1540, 423, 4, 1500, 0, '06pg1mspbit6t3du3dkmrbpuqp'),
	(1541, 424, 1, 1500, 0, '06pg1mspbit6t3du3dkmrbpuqp'),
	(1542, 424, 2, 1500, 0, '06pg1mspbit6t3du3dkmrbpuqp'),
	(1543, 424, 3, 1500, 0, '06pg1mspbit6t3du3dkmrbpuqp'),
	(1544, 424, 4, 1500, 0, '06pg1mspbit6t3du3dkmrbpuqp'),
	(1545, 425, 1, 1500, 0, '06pg1mspbit6t3du3dkmrbpuqp'),
	(1546, 425, 2, 1500, 0, '06pg1mspbit6t3du3dkmrbpuqp'),
	(1547, 425, 3, 1500, 0, '06pg1mspbit6t3du3dkmrbpuqp'),
	(1548, 425, 4, 1500, 0, '06pg1mspbit6t3du3dkmrbpuqp'),
	(1549, 426, 1, 1500, 0, '06pg1mspbit6t3du3dkmrbpuqp'),
	(1550, 426, 2, 1500, 0, '06pg1mspbit6t3du3dkmrbpuqp'),
	(1551, 426, 3, 1500, 0, '06pg1mspbit6t3du3dkmrbpuqp'),
	(1552, 426, 4, 1500, 0, '06pg1mspbit6t3du3dkmrbpuqp'),
	(1553, 427, 1, 1500, 0, 'k9p7gvta4l1281ujv25sk75n6f'),
	(1554, 427, 2, 1500, 0, 'k9p7gvta4l1281ujv25sk75n6f'),
	(1555, 427, 3, 1500, 0, 'k9p7gvta4l1281ujv25sk75n6f'),
	(1556, 427, 4, 1500, 0, 'k9p7gvta4l1281ujv25sk75n6f'),
	(1557, 428, 1, 1500, 0, 'gj37faot8hm7gi6g8tu95e0efo'),
	(1558, 428, 2, 1500, 0, 'gj37faot8hm7gi6g8tu95e0efo'),
	(1559, 428, 3, 1500, 0, 'gj37faot8hm7gi6g8tu95e0efo'),
	(1560, 428, 4, 1500, 0, 'gj37faot8hm7gi6g8tu95e0efo'),
	(1561, 429, 1, 1500, 0, '06pg1mspbit6t3du3dkmrbpuqp'),
	(1562, 429, 2, 1500, 0, '06pg1mspbit6t3du3dkmrbpuqp'),
	(1563, 429, 3, 1500, 0, '06pg1mspbit6t3du3dkmrbpuqp'),
	(1564, 429, 4, 1500, 0, '06pg1mspbit6t3du3dkmrbpuqp'),
	(1565, 430, 1, 1500, 0, '06pg1mspbit6t3du3dkmrbpuqp'),
	(1566, 430, 2, 1500, 0, '06pg1mspbit6t3du3dkmrbpuqp'),
	(1567, 430, 3, 1500, 0, '06pg1mspbit6t3du3dkmrbpuqp'),
	(1568, 430, 4, 1500, 0, '06pg1mspbit6t3du3dkmrbpuqp'),
	(1569, 431, 1, 1500, 0, '06pg1mspbit6t3du3dkmrbpuqp'),
	(1570, 431, 2, 1500, 0, '06pg1mspbit6t3du3dkmrbpuqp'),
	(1571, 431, 3, 1500, 0, '06pg1mspbit6t3du3dkmrbpuqp'),
	(1572, 431, 4, 1500, 0, '06pg1mspbit6t3du3dkmrbpuqp'),
	(1573, 432, 1, 1500, 0, '06pg1mspbit6t3du3dkmrbpuqp'),
	(1574, 432, 2, 1500, 0, '06pg1mspbit6t3du3dkmrbpuqp'),
	(1575, 432, 3, 1500, 0, '06pg1mspbit6t3du3dkmrbpuqp'),
	(1576, 432, 4, 1500, 0, '06pg1mspbit6t3du3dkmrbpuqp'),
	(1577, 433, 1, 1500, 0, '06pg1mspbit6t3du3dkmrbpuqp'),
	(1578, 433, 2, 1500, 0, '06pg1mspbit6t3du3dkmrbpuqp'),
	(1579, 433, 3, 1500, 0, '06pg1mspbit6t3du3dkmrbpuqp'),
	(1580, 433, 4, 1500, 0, '06pg1mspbit6t3du3dkmrbpuqp'),
	(1581, 434, 1, 1500, 0, '06pg1mspbit6t3du3dkmrbpuqp'),
	(1582, 434, 2, 1500, 0, '06pg1mspbit6t3du3dkmrbpuqp'),
	(1583, 434, 3, 1500, 0, '06pg1mspbit6t3du3dkmrbpuqp'),
	(1584, 434, 4, 1500, 0, '06pg1mspbit6t3du3dkmrbpuqp'),
	(1585, 435, 1, 1500, 0, 'gj37faot8hm7gi6g8tu95e0efo'),
	(1586, 435, 2, 1500, 0, 'gj37faot8hm7gi6g8tu95e0efo'),
	(1587, 435, 3, 1500, 0, 'gj37faot8hm7gi6g8tu95e0efo'),
	(1588, 435, 4, 1500, 0, 'gj37faot8hm7gi6g8tu95e0efo'),
	(1589, 436, 1, 1500, 0, '06pg1mspbit6t3du3dkmrbpuqp'),
	(1590, 436, 2, 1500, 0, '06pg1mspbit6t3du3dkmrbpuqp'),
	(1591, 436, 3, 1500, 0, '06pg1mspbit6t3du3dkmrbpuqp'),
	(1592, 436, 4, 1500, 0, '06pg1mspbit6t3du3dkmrbpuqp'),
	(1593, 437, 1, 1500, 0, 'gj37faot8hm7gi6g8tu95e0efo'),
	(1594, 437, 2, 1500, 0, 'gj37faot8hm7gi6g8tu95e0efo'),
	(1595, 437, 3, 1500, 0, 'gj37faot8hm7gi6g8tu95e0efo'),
	(1596, 437, 4, 1500, 0, 'gj37faot8hm7gi6g8tu95e0efo'),
	(1597, 438, 1, 1500, 0, 'gj37faot8hm7gi6g8tu95e0efo'),
	(1598, 438, 2, 1500, 0, 'gj37faot8hm7gi6g8tu95e0efo'),
	(1599, 438, 3, 1500, 0, 'gj37faot8hm7gi6g8tu95e0efo'),
	(1600, 438, 4, 1500, 0, 'gj37faot8hm7gi6g8tu95e0efo'),
	(1601, 439, 1, 1500, 0, 'gj37faot8hm7gi6g8tu95e0efo'),
	(1602, 439, 2, 1500, 0, 'gj37faot8hm7gi6g8tu95e0efo'),
	(1603, 439, 3, 1500, 0, 'gj37faot8hm7gi6g8tu95e0efo'),
	(1604, 439, 4, 1500, 0, 'gj37faot8hm7gi6g8tu95e0efo'),
	(1605, 440, 1, 1500, 0, 'gj37faot8hm7gi6g8tu95e0efo'),
	(1606, 440, 2, 1500, 0, 'gj37faot8hm7gi6g8tu95e0efo'),
	(1607, 440, 3, 1500, 0, 'gj37faot8hm7gi6g8tu95e0efo'),
	(1608, 440, 4, 1500, 0, 'gj37faot8hm7gi6g8tu95e0efo'),
	(1609, 441, 1, 1500, 0, '06pg1mspbit6t3du3dkmrbpuqp'),
	(1610, 441, 2, 1500, 0, '06pg1mspbit6t3du3dkmrbpuqp'),
	(1611, 441, 3, 1500, 0, '06pg1mspbit6t3du3dkmrbpuqp'),
	(1612, 441, 4, 1500, 0, '06pg1mspbit6t3du3dkmrbpuqp'),
	(1613, 442, 1, 1500, 27, 'b8s9ofce4s9qo0qo5pqqpotltg'),
	(1614, 442, 2, 1500, 0, 'b8s9ofce4s9qo0qo5pqqpotltg'),
	(1615, 442, 3, 1500, 0, 'b8s9ofce4s9qo0qo5pqqpotltg'),
	(1616, 442, 4, 1500, 0, 'b8s9ofce4s9qo0qo5pqqpotltg'),
	(1617, 443, 1, 1500, 0, '06pg1mspbit6t3du3dkmrbpuqp'),
	(1618, 443, 2, 1500, 0, '06pg1mspbit6t3du3dkmrbpuqp'),
	(1619, 443, 3, 1500, 0, '06pg1mspbit6t3du3dkmrbpuqp'),
	(1620, 443, 4, 1500, 0, '06pg1mspbit6t3du3dkmrbpuqp'),
	(1621, 444, 1, 1500, 0, 'b8s9ofce4s9qo0qo5pqqpotltg'),
	(1622, 444, 2, 1500, 0, 'b8s9ofce4s9qo0qo5pqqpotltg'),
	(1623, 444, 3, 1500, 0, 'b8s9ofce4s9qo0qo5pqqpotltg'),
	(1624, 444, 4, 1500, 0, 'b8s9ofce4s9qo0qo5pqqpotltg'),
	(1625, 445, 1, 1500, 0, '06pg1mspbit6t3du3dkmrbpuqp'),
	(1626, 445, 2, 1500, 0, '06pg1mspbit6t3du3dkmrbpuqp'),
	(1627, 445, 3, 1500, 0, '06pg1mspbit6t3du3dkmrbpuqp'),
	(1628, 445, 4, 1500, 0, '06pg1mspbit6t3du3dkmrbpuqp'),
	(1629, 446, 1, 1500, 0, 'b8s9ofce4s9qo0qo5pqqpotltg'),
	(1630, 446, 2, 1500, 0, 'b8s9ofce4s9qo0qo5pqqpotltg'),
	(1631, 446, 3, 1500, 0, 'b8s9ofce4s9qo0qo5pqqpotltg'),
	(1632, 446, 4, 1500, 0, 'b8s9ofce4s9qo0qo5pqqpotltg'),
	(1633, 447, 1, 1500, 0, 'b8s9ofce4s9qo0qo5pqqpotltg'),
	(1634, 447, 2, 1500, 0, 'b8s9ofce4s9qo0qo5pqqpotltg'),
	(1635, 447, 3, 1500, 0, 'b8s9ofce4s9qo0qo5pqqpotltg'),
	(1636, 447, 4, 1500, 0, 'b8s9ofce4s9qo0qo5pqqpotltg'),
	(1637, 448, 1, 1500, 0, 'b8s9ofce4s9qo0qo5pqqpotltg'),
	(1638, 448, 2, 1500, 0, 'b8s9ofce4s9qo0qo5pqqpotltg'),
	(1639, 448, 3, 1500, 0, 'b8s9ofce4s9qo0qo5pqqpotltg'),
	(1640, 448, 4, 1500, 0, 'b8s9ofce4s9qo0qo5pqqpotltg'),
	(1641, 449, 1, 1500, 0, 'b8s9ofce4s9qo0qo5pqqpotltg'),
	(1642, 449, 2, 1500, 0, 'b8s9ofce4s9qo0qo5pqqpotltg'),
	(1643, 449, 3, 1500, 0, 'b8s9ofce4s9qo0qo5pqqpotltg'),
	(1644, 449, 4, 1500, 0, 'b8s9ofce4s9qo0qo5pqqpotltg'),
	(1645, 450, 1, 1500, 0, 'b8s9ofce4s9qo0qo5pqqpotltg'),
	(1646, 450, 2, 1500, 0, 'b8s9ofce4s9qo0qo5pqqpotltg'),
	(1647, 450, 3, 1500, 0, 'b8s9ofce4s9qo0qo5pqqpotltg'),
	(1648, 450, 4, 1500, 0, 'b8s9ofce4s9qo0qo5pqqpotltg'),
	(1649, 451, 1, 1500, 0, 'b8s9ofce4s9qo0qo5pqqpotltg'),
	(1650, 451, 2, 1500, 0, 'b8s9ofce4s9qo0qo5pqqpotltg'),
	(1651, 451, 3, 1500, 0, 'b8s9ofce4s9qo0qo5pqqpotltg'),
	(1652, 451, 4, 1500, 0, 'b8s9ofce4s9qo0qo5pqqpotltg'),
	(1653, 452, 1, 1500, 0, 'b8s9ofce4s9qo0qo5pqqpotltg'),
	(1654, 452, 2, 1500, 0, 'b8s9ofce4s9qo0qo5pqqpotltg'),
	(1655, 452, 3, 1500, 0, 'b8s9ofce4s9qo0qo5pqqpotltg'),
	(1656, 452, 4, 1500, 0, 'b8s9ofce4s9qo0qo5pqqpotltg'),
	(1657, 453, 1, 1500, 0, 'b8s9ofce4s9qo0qo5pqqpotltg'),
	(1658, 453, 2, 1500, 0, 'b8s9ofce4s9qo0qo5pqqpotltg'),
	(1659, 453, 3, 1500, 0, 'b8s9ofce4s9qo0qo5pqqpotltg'),
	(1660, 453, 4, 1500, 0, 'b8s9ofce4s9qo0qo5pqqpotltg'),
	(1661, 454, 1, 1500, 0, 'b8s9ofce4s9qo0qo5pqqpotltg'),
	(1662, 454, 2, 1500, 0, 'b8s9ofce4s9qo0qo5pqqpotltg'),
	(1663, 454, 3, 1500, 0, 'b8s9ofce4s9qo0qo5pqqpotltg'),
	(1664, 454, 4, 1500, 0, 'b8s9ofce4s9qo0qo5pqqpotltg'),
	(1665, 455, 1, 1500, 0, 'b8s9ofce4s9qo0qo5pqqpotltg'),
	(1666, 455, 2, 1500, 0, 'b8s9ofce4s9qo0qo5pqqpotltg'),
	(1667, 455, 3, 1500, 0, 'b8s9ofce4s9qo0qo5pqqpotltg'),
	(1668, 455, 4, 1500, 0, 'b8s9ofce4s9qo0qo5pqqpotltg'),
	(1669, 456, 1, 1500, 0, 'b8s9ofce4s9qo0qo5pqqpotltg'),
	(1670, 456, 2, 1500, 0, 'b8s9ofce4s9qo0qo5pqqpotltg'),
	(1671, 456, 3, 1500, 0, 'b8s9ofce4s9qo0qo5pqqpotltg'),
	(1672, 456, 4, 1500, 0, 'b8s9ofce4s9qo0qo5pqqpotltg'),
	(1673, 457, 1, 1500, 0, 'b8s9ofce4s9qo0qo5pqqpotltg'),
	(1674, 457, 2, 1500, 0, 'b8s9ofce4s9qo0qo5pqqpotltg'),
	(1675, 457, 3, 1500, 0, 'b8s9ofce4s9qo0qo5pqqpotltg'),
	(1676, 457, 4, 1500, 0, 'b8s9ofce4s9qo0qo5pqqpotltg'),
	(1677, 458, 1, 1500, 0, 'b8s9ofce4s9qo0qo5pqqpotltg'),
	(1678, 458, 2, 1500, 0, 'b8s9ofce4s9qo0qo5pqqpotltg'),
	(1679, 458, 3, 1500, 0, 'b8s9ofce4s9qo0qo5pqqpotltg'),
	(1680, 458, 4, 1500, 0, 'b8s9ofce4s9qo0qo5pqqpotltg'),
	(1681, 459, 1, 1500, 0, 'b8s9ofce4s9qo0qo5pqqpotltg'),
	(1682, 459, 2, 1500, 0, 'b8s9ofce4s9qo0qo5pqqpotltg'),
	(1683, 459, 3, 1500, 0, 'b8s9ofce4s9qo0qo5pqqpotltg'),
	(1684, 459, 4, 1500, 0, 'b8s9ofce4s9qo0qo5pqqpotltg'),
	(1685, 460, 1, 1500, 0, 'b8s9ofce4s9qo0qo5pqqpotltg'),
	(1686, 460, 2, 1500, 0, 'b8s9ofce4s9qo0qo5pqqpotltg'),
	(1687, 460, 3, 1500, 0, 'b8s9ofce4s9qo0qo5pqqpotltg'),
	(1688, 460, 4, 1500, 0, 'b8s9ofce4s9qo0qo5pqqpotltg'),
	(1689, 461, 1, 1500, 0, 'b8s9ofce4s9qo0qo5pqqpotltg'),
	(1690, 461, 2, 1500, 0, 'b8s9ofce4s9qo0qo5pqqpotltg'),
	(1691, 461, 3, 1500, 0, 'b8s9ofce4s9qo0qo5pqqpotltg'),
	(1692, 461, 4, 1500, 0, 'b8s9ofce4s9qo0qo5pqqpotltg'),
	(1693, 462, 1, 1500, 0, 'b8s9ofce4s9qo0qo5pqqpotltg'),
	(1694, 462, 2, 1500, 0, 'b8s9ofce4s9qo0qo5pqqpotltg'),
	(1695, 462, 3, 1500, 0, 'b8s9ofce4s9qo0qo5pqqpotltg'),
	(1696, 462, 4, 1500, 0, 'b8s9ofce4s9qo0qo5pqqpotltg'),
	(1697, 463, 1, 1500, 0, 'b8s9ofce4s9qo0qo5pqqpotltg'),
	(1698, 463, 2, 1500, 0, 'b8s9ofce4s9qo0qo5pqqpotltg'),
	(1699, 463, 3, 1500, 0, 'b8s9ofce4s9qo0qo5pqqpotltg'),
	(1700, 463, 4, 1500, 0, 'b8s9ofce4s9qo0qo5pqqpotltg'),
	(1701, 464, 1, 1500, 0, 'b8s9ofce4s9qo0qo5pqqpotltg'),
	(1702, 464, 2, 1500, 0, 'b8s9ofce4s9qo0qo5pqqpotltg'),
	(1703, 464, 3, 1500, 0, 'b8s9ofce4s9qo0qo5pqqpotltg'),
	(1704, 464, 4, 1500, 0, 'b8s9ofce4s9qo0qo5pqqpotltg'),
	(1705, 465, 1, 1500, 0, 'b8s9ofce4s9qo0qo5pqqpotltg'),
	(1706, 465, 2, 1500, 0, 'b8s9ofce4s9qo0qo5pqqpotltg'),
	(1707, 465, 3, 1500, 0, 'b8s9ofce4s9qo0qo5pqqpotltg'),
	(1708, 465, 4, 1500, 0, 'b8s9ofce4s9qo0qo5pqqpotltg'),
	(1709, 466, 1, 1500, 0, 'b8s9ofce4s9qo0qo5pqqpotltg'),
	(1710, 466, 2, 1500, 0, 'b8s9ofce4s9qo0qo5pqqpotltg'),
	(1711, 466, 3, 1500, 0, 'b8s9ofce4s9qo0qo5pqqpotltg'),
	(1712, 466, 4, 1500, 0, 'b8s9ofce4s9qo0qo5pqqpotltg'),
	(1713, 467, 1, 1500, 0, 'b8s9ofce4s9qo0qo5pqqpotltg'),
	(1714, 467, 2, 1500, 0, 'b8s9ofce4s9qo0qo5pqqpotltg'),
	(1715, 467, 3, 1500, 0, 'b8s9ofce4s9qo0qo5pqqpotltg'),
	(1716, 467, 4, 1500, 0, 'b8s9ofce4s9qo0qo5pqqpotltg'),
	(1717, 468, 1, 1500, 0, 'b8s9ofce4s9qo0qo5pqqpotltg'),
	(1718, 468, 2, 1500, 0, 'b8s9ofce4s9qo0qo5pqqpotltg'),
	(1719, 468, 3, 1500, 0, 'b8s9ofce4s9qo0qo5pqqpotltg'),
	(1720, 468, 4, 1500, 0, 'b8s9ofce4s9qo0qo5pqqpotltg'),
	(1721, 469, 1, 1500, 0, 'b8s9ofce4s9qo0qo5pqqpotltg'),
	(1722, 469, 2, 1500, 0, 'b8s9ofce4s9qo0qo5pqqpotltg'),
	(1723, 469, 3, 1500, 0, 'b8s9ofce4s9qo0qo5pqqpotltg'),
	(1724, 469, 4, 1500, 0, 'b8s9ofce4s9qo0qo5pqqpotltg'),
	(1725, 470, 1, 1500, 0, 'b8s9ofce4s9qo0qo5pqqpotltg'),
	(1726, 470, 2, 1500, 0, 'b8s9ofce4s9qo0qo5pqqpotltg'),
	(1727, 470, 3, 1500, 0, 'b8s9ofce4s9qo0qo5pqqpotltg'),
	(1728, 470, 4, 1500, 0, 'b8s9ofce4s9qo0qo5pqqpotltg'),
	(1729, 471, 1, 1500, 0, 'b8s9ofce4s9qo0qo5pqqpotltg'),
	(1730, 471, 2, 1500, 0, 'b8s9ofce4s9qo0qo5pqqpotltg'),
	(1731, 471, 3, 1500, 0, 'b8s9ofce4s9qo0qo5pqqpotltg'),
	(1732, 471, 4, 1500, 0, 'b8s9ofce4s9qo0qo5pqqpotltg'),
	(1733, 472, 1, 1500, 0, 'b8s9ofce4s9qo0qo5pqqpotltg'),
	(1734, 472, 2, 1500, 0, 'b8s9ofce4s9qo0qo5pqqpotltg'),
	(1735, 472, 3, 1500, 0, 'b8s9ofce4s9qo0qo5pqqpotltg'),
	(1736, 472, 4, 1500, 0, 'b8s9ofce4s9qo0qo5pqqpotltg'),
	(1737, 473, 1, 1500, 0, 'b8s9ofce4s9qo0qo5pqqpotltg'),
	(1738, 473, 2, 1500, 0, 'b8s9ofce4s9qo0qo5pqqpotltg'),
	(1739, 473, 3, 1500, 0, 'b8s9ofce4s9qo0qo5pqqpotltg'),
	(1740, 473, 4, 1500, 0, 'b8s9ofce4s9qo0qo5pqqpotltg'),
	(1741, 474, 1, 1500, 0, 'b8s9ofce4s9qo0qo5pqqpotltg'),
	(1742, 474, 2, 1500, 0, 'b8s9ofce4s9qo0qo5pqqpotltg'),
	(1743, 474, 3, 1500, 0, 'b8s9ofce4s9qo0qo5pqqpotltg'),
	(1744, 474, 4, 1500, 0, 'b8s9ofce4s9qo0qo5pqqpotltg'),
	(1745, 475, 1, 1500, 0, 'b8s9ofce4s9qo0qo5pqqpotltg'),
	(1746, 475, 2, 1500, 0, 'b8s9ofce4s9qo0qo5pqqpotltg'),
	(1747, 475, 3, 1500, 0, 'b8s9ofce4s9qo0qo5pqqpotltg'),
	(1748, 475, 4, 1500, 0, 'b8s9ofce4s9qo0qo5pqqpotltg'),
	(1749, 476, 1, 1500, 0, 'b8s9ofce4s9qo0qo5pqqpotltg'),
	(1750, 476, 2, 1500, 0, 'b8s9ofce4s9qo0qo5pqqpotltg'),
	(1751, 476, 3, 1500, 0, 'b8s9ofce4s9qo0qo5pqqpotltg'),
	(1752, 476, 4, 1500, 0, 'b8s9ofce4s9qo0qo5pqqpotltg'),
	(1753, 477, 1, 1500, 0, 'b8s9ofce4s9qo0qo5pqqpotltg'),
	(1754, 477, 2, 1500, 0, 'b8s9ofce4s9qo0qo5pqqpotltg'),
	(1755, 477, 3, 1500, 0, 'b8s9ofce4s9qo0qo5pqqpotltg'),
	(1756, 477, 4, 1500, 0, 'b8s9ofce4s9qo0qo5pqqpotltg'),
	(1757, 478, 1, 1500, 0, 'b8s9ofce4s9qo0qo5pqqpotltg'),
	(1758, 478, 2, 1500, 0, 'b8s9ofce4s9qo0qo5pqqpotltg'),
	(1759, 478, 3, 1500, 0, 'b8s9ofce4s9qo0qo5pqqpotltg'),
	(1760, 478, 4, 1500, 0, 'b8s9ofce4s9qo0qo5pqqpotltg'),
	(1761, 479, 1, 1500, 0, 'b8s9ofce4s9qo0qo5pqqpotltg'),
	(1762, 479, 2, 1500, 0, 'b8s9ofce4s9qo0qo5pqqpotltg'),
	(1763, 479, 3, 1500, 0, 'b8s9ofce4s9qo0qo5pqqpotltg'),
	(1764, 479, 4, 1500, 0, 'b8s9ofce4s9qo0qo5pqqpotltg'),
	(1765, 480, 1, 1500, 0, 'b8s9ofce4s9qo0qo5pqqpotltg'),
	(1766, 480, 2, 1500, 0, 'b8s9ofce4s9qo0qo5pqqpotltg'),
	(1767, 480, 3, 1500, 0, 'b8s9ofce4s9qo0qo5pqqpotltg'),
	(1768, 480, 4, 1500, 0, 'b8s9ofce4s9qo0qo5pqqpotltg'),
	(1769, 481, 1, 1500, 7, 'sdcsk6i03bu3em86fg38bm0vne'),
	(1770, 481, 2, 1388, 20, 'sdcsk6i03bu3em86fg38bm0vne'),
	(1771, 481, 3, 1500, 7, 'sdcsk6i03bu3em86fg38bm0vne'),
	(1772, 481, 4, 1492, 18, 'sdcsk6i03bu3em86fg38bm0vne'),
	(1773, 482, 1, 1500, 16, '0amsh6u2h6c2p4gl2i8e05l20k'),
	(1774, 482, 2, 1500, 0, '0amsh6u2h6c2p4gl2i8e05l20k'),
	(1775, 482, 3, 1500, 0, '0amsh6u2h6c2p4gl2i8e05l20k'),
	(1776, 482, 4, 1500, 0, '0amsh6u2h6c2p4gl2i8e05l20k'),
	(1777, 483, 1, 1500, 0, '5lu356kictrcj75pqhjboui51k'),
	(1778, 483, 2, 1500, 0, '5lu356kictrcj75pqhjboui51k'),
	(1779, 483, 3, 1500, 0, '5lu356kictrcj75pqhjboui51k'),
	(1780, 483, 4, 1500, 0, '5lu356kictrcj75pqhjboui51k'),
	(1781, 484, 1, 1500, 4, 'smgg1l763scadq418b2pdd56jd'),
	(1782, 484, 2, 1500, 0, 'smgg1l763scadq418b2pdd56jd'),
	(1783, 484, 3, 1500, 0, 'smgg1l763scadq418b2pdd56jd'),
	(1784, 484, 4, 1500, 0, 'smgg1l763scadq418b2pdd56jd'),
	(1785, 485, 1, 1500, 0, 'rsbbsls2haaeneqv4mnrplgvlr'),
	(1786, 485, 2, 1500, 0, 'rsbbsls2haaeneqv4mnrplgvlr'),
	(1787, 485, 3, 1500, 0, 'rsbbsls2haaeneqv4mnrplgvlr'),
	(1788, 485, 4, 1500, 0, 'rsbbsls2haaeneqv4mnrplgvlr'),
	(1789, 486, 1, 1500, 0, 'rsbbsls2haaeneqv4mnrplgvlr'),
	(1790, 486, 2, 1500, 0, 'rsbbsls2haaeneqv4mnrplgvlr'),
	(1791, 486, 3, 1500, 0, 'rsbbsls2haaeneqv4mnrplgvlr'),
	(1792, 486, 4, 1500, 0, 'rsbbsls2haaeneqv4mnrplgvlr');

-- Exportiere Struktur von Tabelle monopoly.player_x_field
CREATE TABLE IF NOT EXISTS `player_x_field` (
  `id` int NOT NULL AUTO_INCREMENT,
  `playerId` int NOT NULL DEFAULT '0',
  `buildings` int NOT NULL DEFAULT '0',
  `mortgage` tinyint(1) NOT NULL DEFAULT '0',
  `fieldId` int DEFAULT NULL,
  `gameId` int DEFAULT NULL,
  PRIMARY KEY (`id`),
  KEY `player_id` (`playerId`) USING BTREE,
  CONSTRAINT `player` FOREIGN KEY (`playerId`) REFERENCES `player` (`id`) ON DELETE RESTRICT ON UPDATE CASCADE
) ENGINE=InnoDB AUTO_INCREMENT=82 DEFAULT CHARSET=utf8mb3 COMMENT='street that a player owns with information about buildings';

-- Exportiere Daten aus Tabelle monopoly.player_x_field: ~76 rows (ungefähr)
INSERT INTO `player_x_field` (`id`, `playerId`, `buildings`, `mortgage`, `fieldId`, `gameId`) VALUES
	(1, 29, 0, 0, 0, NULL),
	(2, 29, 0, 0, 15, NULL),
	(3, 42, 0, 0, 0, NULL),
	(4, 42, 0, 0, 8, NULL),
	(5, 42, 0, 0, 9, NULL),
	(6, 42, 0, 0, 11, NULL),
	(7, 42, 0, 0, 13, NULL),
	(8, 42, 0, 0, 14, NULL),
	(9, 42, 0, 0, 16, NULL),
	(10, 42, 0, 0, 18, NULL),
	(11, 42, 0, 0, 19, NULL),
	(12, 42, 0, 0, 21, NULL),
	(13, 42, 0, 0, 23, NULL),
	(14, 42, 0, 0, 24, NULL),
	(18, 45, 0, 0, 24, NULL),
	(19, 49, 0, 0, 24, NULL),
	(20, 61, 38, 0, 24, NULL),
	(21, 61, 0, 0, 21, NULL),
	(22, 69, 4, 0, 24, NULL),
	(23, 69, 0, 0, 21, NULL),
	(24, 69, 0, 0, 23, NULL),
	(25, 73, 0, 0, 24, NULL),
	(26, 77, 0, 0, 9, NULL),
	(27, 77, 0, 0, 24, NULL),
	(28, 81, 0, 0, 8, NULL),
	(29, 85, 0, 0, 24, 55),
	(30, 85, 0, 0, 37, 55),
	(31, 85, 0, 0, 11, 55),
	(32, 85, 0, 0, 26, 55),
	(33, 85, 0, 0, 26, 55),
	(34, 85, 0, 0, 39, 55),
	(35, 85, 0, 0, 39, 55),
	(36, 85, 0, 0, 39, 55),
	(37, 85, 0, 0, 39, 55),
	(38, 85, 0, 0, 39, 55),
	(39, 85, 0, 0, 39, 55),
	(40, 89, 0, 0, 14, 56),
	(41, 89, 0, 0, 31, 56),
	(42, 89, 0, 0, 13, 56),
	(43, 89, 0, 0, 9, 56),
	(44, 89, 0, 0, 27, 56),
	(45, 89, 0, 0, 6, 56),
	(46, 89, 0, 0, 18, 56),
	(48, 89, 0, 0, 3, 56),
	(49, 113, 0, 0, 3, 62),
	(50, 93, 0, 0, 11, 58),
	(51, 140, 0, 0, 3, 70),
	(52, 140, 0, 0, 14, 70),
	(53, 137, 0, 0, 18, 70),
	(54, 138, 0, 0, 19, 70),
	(55, 139, 0, 0, 13, 70),
	(56, 140, 0, 0, 24, 70),
	(57, 137, 0, 0, 26, 70),
	(58, 145, 0, 0, 11, 73),
	(59, 168, 0, 0, 9, 79),
	(60, 177, 0, 0, 9, 82),
	(61, 182, 0, 0, 6, 83),
	(62, 189, 0, 0, 8, 85),
	(63, 193, 0, 0, 6, 86),
	(64, 205, 0, 0, 11, 89),
	(66, 205, 0, 0, 3, 89),
	(67, 160, 0, 0, 9, 77),
	(68, 157, 0, 0, 26, 77),
	(69, 158, 0, 0, 18, 77),
	(70, 159, 0, 0, 6, 77),
	(71, 160, 0, 0, 16, 77),
	(72, 157, 0, 0, 37, 77),
	(73, 158, 0, 0, 29, 77),
	(74, 160, 0, 0, 23, 77),
	(75, 215, 5, 0, 3, 91),
	(76, 214, 4, 0, 1, 91),
	(77, 293, 0, 0, 12, 111),
	(78, 341, 0, 0, 12, 123),
	(79, 341, 0, 0, 28, 123),
	(80, 1513, 0, 0, 24, 148),
	(81, 1770, 0, 0, 9, 481);

-- Exportiere Struktur von Tabelle monopoly.route
CREATE TABLE IF NOT EXISTS `route` (
  `id` int NOT NULL AUTO_INCREMENT,
  `url` varchar(255) CHARACTER SET utf8mb4 COLLATE utf8mb4_general_ci NOT NULL DEFAULT '0',
  `controller` varchar(255) CHARACTER SET utf8mb4 COLLATE utf8mb4_general_ci NOT NULL DEFAULT '0',
  `action` varchar(255) CHARACTER SET utf8mb4 COLLATE utf8mb4_general_ci NOT NULL DEFAULT '0',
  `method` varchar(255) CHARACTER SET utf8mb4 COLLATE utf8mb4_general_ci NOT NULL DEFAULT '0',
  `comment` varchar(255) CHARACTER SET utf8mb4 COLLATE utf8mb4_general_ci NOT NULL DEFAULT '0',
  PRIMARY KEY (`id`)
) ENGINE=InnoDB AUTO_INCREMENT=21 DEFAULT CHARSET=utf8mb4 COLLATE=utf8mb4_general_ci;

-- Exportiere Daten aus Tabelle monopoly.route: ~19 rows (ungefähr)
INSERT INTO `route` (`id`, `url`, `controller`, `action`, `method`, `comment`) VALUES
	(1, '/Test', 'GameOfThronesMonopoly\\Test\\Controller\\TestController', 'TestAction', 'get', 'test url too test new logik'),
	(2, '/EndTurn', 'GameOfThronesMonopoly\\Game\\Controller\\GameManagerController', 'EndTurnAction', 'post', 'end the current turn'),
	(3, '/Roll/Move', 'GameOfThronesMonopoly\\Game\\Controller\\GameManagerController', 'RollForMoveAction', 'post', 'returns a json with 2 rolled integer'),
	(4, '/Rene', 'GameOfThronesMonopoly\\Test\\Controller\\ReneTestController', 'TestAction', 'get', 'test url for rene'),
	(5, '/StartGame', 'GameOfThronesMonopoly\\Game\\Controller\\GameManagerController', 'StartNewGame', 'get', 'test url to test new logik'),
	(6, '/Street/Buy', 'GameOfThronesMonopoly\\Game\\Controller\\StreetController', 'BuyStreetAction', 'post', 'buy a street'),
	(7, '/Street/Sell/(.*)', 'GameOfThronesMonopoly\\Game\\Controller\\StreetController', 'SellStreetAction', 'post', 'sell a street'),
	(8, '/Roll/Escape', 'GameOfThronesMonopoly\\GameManager\\Controller\\GameManagerController', '', 'post', 'returns a json with 2 rolled integer'),
	(9, '/Street/House/Buy/(.*)', 'GameOfThronesMonopoly\\Game\\Controller\\StreetController', 'BuyHouseAction', 'post', 'buy a house on a street'),
	(10, '/Street/House/Sell/(.*)', 'GameOfThronesMonopoly\\Game\\Controller\\StreetController', 'SellHouseAction', 'post', 'sell a house on a street'),
	(11, '/Street/Hotel/Sell', 'GameOfThronesMonopoly\\GameManager\\Controller\\GameManagerController', 'SellHotelAction', 'post', 'sell a hotel on a street'),
	(12, '/Street/Hotel/Buy', 'GameOfThronesMonopoly\\GameManager\\Controller\\GameManagerController', 'BuyHotelAction', 'post', 'buy a hotel on a street'),
	(13, '/Street/Mortgage', 'GameOfThronesMonopoly\\GameManager\\Controller\\GameManagerController', 'MortgageStreetAction', 'post', 'mortgage a street'),
	(14, '/Card/View', 'GameOfThronesMonopoly\\Game\\Controller\\CardController', 'ViewCardAction', 'post', 'view a card'),
	(15, '/Test/Selina', 'GameOfThronesMonopoly\\Test\\Controller\\TestController', 'SelinaTestAction', 'get', 'selina testing url'),
	(16, '/Homepage', 'GameOfThronesMonopoly\\Game\\Controller\\GameManagerController', 'ShowHomepageAction', 'get', 'show the homepage for starting a new game'),
	(17, '/Card/InteractionButtons', 'GameOfThronesMonopoly\\Game\\Controller\\CardController', 'ViewPlayerCardAction', 'post', 'view a card'),
	(19, '/Street/Rent/Pay', 'GameOfThronesMonopoly\\Game\\Controller\\StreetController', 'PayRentAction', 'post', 'Pay rent'),
	(20, '/Play', 'GameOfThronesMonopoly\\Game\\Controller\\GameManagerController', 'InitAction', 'get', '0');

-- Exportiere Struktur von Tabelle monopoly.specialField
CREATE TABLE IF NOT EXISTS `specialField` (
  `id` int NOT NULL AUTO_INCREMENT,
  `playfieldId` int DEFAULT NULL,
  `action` varchar(50) DEFAULT NULL,
  `name` varchar(50) CHARACTER SET utf8mb3 COLLATE utf8mb3_general_ci NOT NULL DEFAULT '0',
  `comment` varchar(50) NOT NULL DEFAULT '0',
  PRIMARY KEY (`id`)
) ENGINE=InnoDB AUTO_INCREMENT=19 DEFAULT CHARSET=utf8mb3;

-- Exportiere Daten aus Tabelle monopoly.specialField: ~12 rows (ungefähr)
INSERT INTO `specialField` (`id`, `playfieldId`, `action`, `name`, `comment`) VALUES
	(1, 0, 'getMoney', 'Losfeld', '+200 money'),
	(2, 2, 'draw', 'Der Eiserne Thron', 'Draw a card'),
	(3, 4, 'payMoney', 'Meister der Münze', '- 200 money'),
	(4, 7, 'draw', 'Valar Morghulis', 'Draw a card'),
	(5, 10, 'nothing', 'Gefängnis / nur zu Besuch', 'Stay in prison / visit prison'),
	(7, 17, 'draw', 'Der Eiserne Thron', 'Draw a card'),
	(8, 20, 'park', 'Frei parken', '0'),
	(9, 22, 'draw', 'Valar Morghulis', 'Draw a card'),
	(11, 30, 'prison', 'Gehen Sie in das Gefängnis', 'Go to prison (playfield_id 10)'),
	(12, 33, 'draw', 'Der Eiserne Thron', 'Draw a card'),
	(13, 36, 'draw', 'Valar Morghulis', 'Draw a card'),
	(14, 38, 'payMoney', 'Hand des Königs', '- 100 money');

-- Exportiere Struktur von Tabelle monopoly.street
CREATE TABLE IF NOT EXISTS `street` (
  `id` int NOT NULL AUTO_INCREMENT,
  `playfieldId` int NOT NULL DEFAULT '0',
  `name` varchar(50) CHARACTER SET utf8mb4 COLLATE utf8mb4_general_ci NOT NULL DEFAULT 'dummyStreet',
  `color` varchar(50) CHARACTER SET utf8mb4 COLLATE utf8mb4_general_ci NOT NULL DEFAULT 'dummyStreet',
  `streetCosts` int NOT NULL DEFAULT '100',
  `buildingCosts` int NOT NULL DEFAULT '100',
  `buildingRent0` int NOT NULL,
  `buildingRent1` int NOT NULL,
  `buildingRent2` int NOT NULL,
  `buildingRent3` int NOT NULL,
  `buildingRent4` int NOT NULL,
  `buildingRent5` int NOT NULL,
  `mortgage` int NOT NULL,
  PRIMARY KEY (`id`)
) ENGINE=InnoDB AUTO_INCREMENT=30 DEFAULT CHARSET=utf8mb4 COLLATE=utf8mb4_general_ci;

-- Exportiere Daten aus Tabelle monopoly.street: ~28 rows (ungefähr)
INSERT INTO `street` (`id`, `playfieldId`, `name`, `color`, `streetCosts`, `buildingCosts`, `buildingRent0`, `buildingRent1`, `buildingRent2`, `buildingRent3`, `buildingRent4`, `buildingRent5`, `mortgage`) VALUES
	(1, 1, 'Crasters Bergfried', 'brown', 60, 50, 2, 10, 30, 90, 160, 250, 30),
	(2, 3, 'Die Faust der ersten Menschen', 'brown', 60, 50, 4, 20, 60, 180, 320, 450, 30),
	(3, 6, 'Nachtfeste', 'lightblue', 100, 50, 6, 30, 90, 270, 400, 550, 50),
	(5, 8, 'Mulwarft', 'lightblue', 100, 50, 6, 30, 90, 270, 400, 550, 50),
	(6, 9, 'Das Gasthaus am Kreuzweg', 'lightblue', 120, 50, 8, 40, 100, 300, 450, 600, 60),
	(7, 11, 'Vaes Dorthark', 'purple', 140, 100, 10, 50, 150, 450, 625, 750, 70),
	(8, 13, 'Qarth', 'purple', 140, 100, 10, 50, 150, 450, 625, 750, 70),
	(9, 14, 'Pentos', 'purple', 160, 100, 12, 60, 180, 500, 700, 900, 80),
	(10, 16, 'Hohenehr', 'orange', 180, 100, 14, 70, 200, 550, 750, 950, 90),
	(11, 18, 'Drachenstein', 'orange', 180, 100, 14, 70, 200, 550, 750, 950, 90),
	(12, 19, 'Maidengraben', 'orange', 200, 100, 16, 80, 220, 600, 800, 1000, 100),
	(13, 21, 'Harrenhal', 'red', 220, 150, 18, 90, 250, 700, 875, 1050, 110),
	(14, 23, 'Grauenstein', 'red', 220, 150, 18, 90, 250, 700, 875, 1050, 110),
	(15, 24, 'Die Zwillinge', 'red', 240, 150, 20, 100, 300, 750, 875, 1100, 120),
	(16, 26, 'Astapor', 'yellow', 260, 150, 22, 110, 330, 800, 975, 1150, 130),
	(17, 27, 'Yunkai', 'yellow', 260, 150, 22, 110, 330, 800, 975, 1150, 130),
	(18, 29, 'Meereen', 'yellow', 280, 150, 24, 120, 360, 850, 1025, 1200, 140),
	(19, 31, 'Schwarze Festung', 'green', 300, 200, 26, 130, 390, 900, 1100, 1275, 150),
	(20, 32, 'Peik', 'green', 300, 200, 26, 130, 390, 900, 1100, 1275, 150),
	(21, 34, 'Winterfell', 'green', 320, 200, 28, 150, 450, 1000, 1200, 1400, 160),
	(22, 37, 'Braavos', 'blue', 350, 200, 35, 175, 500, 1100, 1300, 1500, 175),
	(23, 39, 'Königsmund', 'blue', 400, 200, 50, 200, 600, 1400, 1700, 2000, 200),
	(24, 5, 'Haus Lennister', 'trainstation', 200, 0, 25, 0, 0, 0, 0, 0, 0),
	(25, 15, 'Haus Barathoen', 'trainstation', 200, 0, 25, 0, 0, 0, 0, 0, 0),
	(26, 25, 'Haus Targaryen', 'trainstation', 200, 0, 25, 0, 0, 0, 0, 0, 0),
	(27, 35, 'Haus Stark', 'trainstation', 200, 0, 25, 0, 0, 0, 0, 0, 0),
	(28, 12, 'Die rote Wüste', 'factory', 150, 0, 0, 0, 0, 0, 0, 0, 0),
	(29, 28, 'Die Mauer', 'factory', 150, 0, 0, 0, 0, 0, 0, 0, 0);

/*!40103 SET TIME_ZONE=IFNULL(@OLD_TIME_ZONE, 'system') */;
/*!40101 SET SQL_MODE=IFNULL(@OLD_SQL_MODE, '') */;
/*!40014 SET FOREIGN_KEY_CHECKS=IFNULL(@OLD_FOREIGN_KEY_CHECKS, 1) */;
/*!40101 SET CHARACTER_SET_CLIENT=@OLD_CHARACTER_SET_CLIENT */;
/*!40111 SET SQL_NOTES=IFNULL(@OLD_SQL_NOTES, 1) */;
