-- --------------------------------------------------------
-- Host:                         127.0.0.1
-- Server Version:               10.4.27-MariaDB - mariadb.org binary distribution
-- Server Betriebssystem:        Win64
-- HeidiSQL Version:             12.1.0.6537
-- --------------------------------------------------------

/*!40101 SET @OLD_CHARACTER_SET_CLIENT=@@CHARACTER_SET_CLIENT */;
/*!40101 SET NAMES utf8 */;
/*!50503 SET NAMES utf8mb4 */;
/*!40103 SET @OLD_TIME_ZONE=@@TIME_ZONE */;
/*!40103 SET TIME_ZONE='+00:00' */;
/*!40014 SET @OLD_FOREIGN_KEY_CHECKS=@@FOREIGN_KEY_CHECKS, FOREIGN_KEY_CHECKS=0 */;
/*!40101 SET @OLD_SQL_MODE=@@SQL_MODE, SQL_MODE='NO_AUTO_VALUE_ON_ZERO' */;
/*!40111 SET @OLD_SQL_NOTES=@@SQL_NOTES, SQL_NOTES=0 */;


-- Exportiere Datenbank Struktur für monopoly
CREATE DATABASE IF NOT EXISTS `monopoly` /*!40100 DEFAULT CHARACTER SET utf8mb4 COLLATE utf8mb4_general_ci */;
USE `monopoly`;

-- Exportiere Struktur von Tabelle monopoly.game
CREATE TABLE IF NOT EXISTS `game` (
  `id` int(11) NOT NULL AUTO_INCREMENT,
  `sessionId` varchar(255) NOT NULL DEFAULT '0',
  `activePlayerId` int(11) NOT NULL DEFAULT 0,
  `maxActivePlayers` int(11) NOT NULL DEFAULT 4,
  `allowedToEndTurn` tinyint(1) NOT NULL DEFAULT 0 COMMENT 'Flag um zu überprüfen ob der aktive Spieler bereits gewürfelt hat. Man darf z.B. den Zug nur beenden, wenn man bereits gewürfelt hat',
  `rolledDice` tinyint(1) NOT NULL DEFAULT 0,
  PRIMARY KEY (`id`)
) ENGINE=InnoDB AUTO_INCREMENT=98 DEFAULT CHARSET=utf8mb4 COLLATE=utf8mb4_general_ci;

-- Exportiere Daten aus Tabelle monopoly.game: ~96 rows (ungefähr)
INSERT INTO `game` (`id`, `sessionId`, `activePlayerId`, `maxActivePlayers`, `allowedToEndTurn`, `rolledDice`) VALUES
	(1, 'rkh9g19jtc50k4lkmf0a8b8vp4', 4, 4, 0, 0),
	(2, 'r6m2ol0ame6rs0gd3djt3o25dm', 1, 4, 0, 0),
	(3, 'o81qfrud4kudjruiann8vmnle7', 1, 4, 0, 0),
	(4, '5rksrrqckc0t893mvabrlbnqq2', 1, 4, 0, 0),
	(5, 'svv6kfrus099im0ssdaqi1onr5', 1, 4, 0, 0),
	(6, '65htcvt1ige7dikbcurbsnr3vn', 1, 4, 0, 0),
	(7, '4lrtu34avqq4iifsr6u1hi592v', 1, 4, 0, 0),
	(8, 'c31813ofpukvs3la3fhmg1dlca', 1, 4, 0, 0),
	(9, 'dpqvmetcuf4pmvgojb75a5gkr8', 1, 4, 0, 0),
	(10, 'j3ieaq209m0bekhdodk6mgp6v8', 1, 4, 0, 0),
	(11, '6t5c3b96bo548b678h31m1ld0h', 1, 4, 0, 0),
	(12, 'bergn2h7h5a6g098m1jp0dh8vr', 1, 4, 0, 0),
	(13, 'rpum63iacgk69th9to61o9pr9d', 1, 4, 0, 0),
	(14, 'fniho9jkqes69cigbuulie9n80', 1, 4, 0, 0),
	(15, 'r57ic9iktvglq60vcoic5nrvrj', 1, 4, 0, 0),
	(16, 'ndgceutvn764ifv7bfp3ps2c6g', 1, 4, 0, 0),
	(17, '46cojt0a13vobemql8hretrpv9', 1, 4, 0, 0),
	(18, 'g9p9qbg1547v4l3gqpd9110ikh', 1, 4, 0, 0),
	(19, 'j8rsn2k7nsvhs2k0qi21u7bj10', 1, 4, 0, 0),
	(20, '5gok2s73oc6fgdme66q8b2pd9s', 1, 4, 0, 0),
	(21, '1rt7o3g76t3f3u0k05f4fl4g6q', 1, 4, 0, 0),
	(22, 'gab832ciatlt00kn9bt97bmk12', 1, 4, 0, 0),
	(23, '29dcqf6csnoetmblkp77f8k93j', 1, 4, 0, 0),
	(24, 'mp3s846idh7tolnkch1o34p3rs', 1, 4, 0, 0),
	(25, 'nu6u2qqm1hu1pp1pncjcf61eat', 1, 4, 0, 0),
	(26, 'luan02e57njr4opbbnr51vvptv', 1, 4, 0, 0),
	(27, 'e066r9acdgr9d4hdm2f0l204rp', 1, 4, 0, 0),
	(28, 'eprkgvlgqa0pi1gf7d0fbuo3dd', 1, 4, 0, 0),
	(29, '3a5ljqfituhk4egrh8ojs4jkvb', 1, 4, 0, 0),
	(30, 'tbggrn0h14gru0r0d43immof8j', 1, 4, 0, 0),
	(31, 'u1d26jacc60mvvsp28c01bu3av', 1, 4, 0, 0),
	(32, '9mt0573fq41p322duphevaan4a', 1, 4, 0, 0),
	(33, '4m46rohs3l4fi2coljcs35iaqc', 1, 4, 0, 0),
	(34, 'kkq6vrtmiorjibdloou90remnh', 1, 4, 0, 0),
	(35, 'cuu20f6l8slsk7jdl7ip3ef9nu', 1, 4, 0, 0),
	(36, 'sqtmerr36q9pkr4s8am74fb3sv', 1, 4, 0, 0),
	(37, 'm0rr335vu5aol8qgjtc9kr5ck6', 1, 4, 0, 0),
	(38, '683lcvlg62fd83g43anoeldh2d', 2, 4, 0, 0),
	(39, '0c74f77fht2j49u4u1r0o1gvgn', 1, 4, 0, 0),
	(40, 'budsakpkruclrni8g23t601g02', 1, 4, 0, 0),
	(41, 'l80rf435c27sl33472r8mss3uh', 1, 4, 0, 0),
	(42, 'utegl907qu6tksm7qdlrrei59n', 1, 4, 0, 0),
	(43, 'vj42m77gnn71ep0s7u04omg40i', 1, 4, 0, 0),
	(44, '9ejja897fssss65s2a68lc5so0', 1, 4, 0, 0),
	(45, 'gs31qd6r8905pad1719ieb24l5', 1, 4, 0, 0),
	(46, 'ncutra053pir6o4gjagq5upk6h', 1, 4, 0, 0),
	(47, 'ltdjphsvvqqr6625avdcrf46qc', 1, 4, 0, 0),
	(48, 'o470pgm3khok090h0v2tumtsvb', 3, 4, 0, 0),
	(49, 'rf60mcfapvm925nbobc7da9enl', 1, 4, 0, 0),
	(50, '0se85vu26ejpqabi13ukmvg1kg', 1, 4, 0, 0),
	(51, 'kfdp9f829um74ec3m1kaeh9pg0', 1, 4, 0, 0),
	(52, 'gf4s6s153bbamf8lpfkddtv3vn', 1, 4, 0, 0),
	(53, 'lg1ol717ipbj8lfncj9ij3ohjn', 1, 4, 0, 0),
	(54, 'm6scntth9iqch1ncf6n552vtlh', 1, 4, 0, 0),
	(55, '69c9592otlebct9qk1e6okhc6q', 1, 4, 0, 0),
	(56, 'r9q6qbuk6bij1oet74289skdfo', 1, 4, 0, 0),
	(57, 'iulje56sfq6ae16fsh1mmbf5de', 1, 4, 0, 0),
	(58, '3903o0njhikg8g36q3qt94o3c4', 1, 4, 0, 0),
	(59, 'o35958vbfu0dmjbm7hditgbab8', 1, 4, 0, 0),
	(60, 'fpd4fr9oh867eoj84b7tb5sv2r', 2, 4, 0, 0),
	(61, 'at7nsspld2t0jeaargiaeqn383', 1, 4, 0, 0),
	(62, '1v3qi9gs53bugucusipcapfjrn', 4, 4, 1, 0),
	(63, 'inak6lt73th10rfp4hrhin9s0i', 1, 4, 0, 0),
	(64, 'tf055dvkekdnjcptfq44i1eur6', 4, 4, 0, 0),
	(65, '02qfvo5n9hvcmu35888jpdo670', 1, 4, 0, 0),
	(66, '6jtd2dn0q215nblstr94rkvm71', 1, 4, 0, 0),
	(67, '7oskpjsh3so0mgro98je2antd6', 1, 4, 1, 0),
	(68, 'n9rkjbuhoel0rpo3j5sluvpgao', 2, 4, 0, 0),
	(69, '344u39ofa99g1dg7v0m68op6hc', 1, 4, 0, 0),
	(70, '0ja4f66tq3mamuja5073egrigk', 4, 4, 0, 0),
	(71, 'o797ef46ceocfvuon1ul3708ip', 1, 4, 0, 0),
	(72, 'sftbuu5ogk4tb63m4d2us8fck7', 1, 4, 0, 0),
	(73, 'd9ajr81d9gu5u7nbq1gr6kn7qj', 3, 4, 0, 0),
	(74, '0i7q7c4kfflu7vac4fqi2scium', 2, 4, 0, 0),
	(75, 'h57qta5t7lelu2pb6ro3i6l6fh', 2, 4, 0, 0),
	(76, 'fdc6q87kjac0u3e36bj1agrrki', 1, 4, 0, 0),
	(77, 'nj5mji2b52b7vo387e8euqjhnk', 2, 4, 0, 0),
	(78, 'nps4nehf7u7ouu4gs8f5l80cn6', 1, 4, 0, 0),
	(79, 'v6vj081n75od34scfio897na1b', 4, 4, 1, 0),
	(80, 'k7okblb5htllv8hrk4jiovtgli', 1, 4, 0, 0),
	(81, '4jcn11s4k6fm6a3s7jb4luh9vi', 1, 4, 0, 0),
	(82, 'o7h4v772bilg7vito77pbe1i4d', 1, 4, 1, 0),
	(83, 'pene4ep6k04ivfui1en50rkvu2', 2, 4, 1, 0),
	(84, 'ee6uau3ehoumitd3ejqs52ar17', 1, 4, 0, 0),
	(85, 'rfnsabi0mb70bqn3gom883s7hr', 1, 4, 1, 0),
	(86, 'rtngkfqc25idctkvv07abe08r3', 2, 4, 0, 0),
	(87, 'rbfbm6gk40c4nmm1diiddfvc9f', 2, 4, 0, 0),
	(88, '6p4a4gqf5687fr4pgdc5c3blb1', 1, 4, 0, 0),
	(89, 'lab9juocc3epf01qvuhkk8dhtg', 1, 4, 1, 0),
	(90, 'bbs4cm20bt1igf4oirfu9beb2a', 1, 4, 1, 0),
	(91, 'bo5jhi5tmfn596mkg84abj1qbp', 3, 4, 1, 0),
	(92, '7gjsnroj95gh6c0kuv76duil0l', 1, 4, 0, 0),
	(93, 'kau1k755111a04mrc8q0h00gh7', 2, 4, 0, 0),
	(94, '2nthmluild09onfhfjvnc5f4eg', 4, 4, 1, 0),
	(95, 'op1r22bq9mt399388s853m8h64', 1, 4, 1, 0),
	(96, 'chhtb85vupkvrgc0p1j2h7em3k', 2, 4, 1, 1),
	(97, 'g264bmh7cscf2d9eujvotsrt61', 1, 4, 0, 0);

-- Exportiere Struktur von Tabelle monopoly.player
CREATE TABLE IF NOT EXISTS `player` (
  `id` int(11) NOT NULL AUTO_INCREMENT,
  `gameId` int(11) NOT NULL DEFAULT 0,
  `ingameId` int(11) NOT NULL DEFAULT 0,
  `money` int(11) NOT NULL DEFAULT 1500,
  `position` int(11) NOT NULL DEFAULT 0,
  PRIMARY KEY (`id`)
) ENGINE=InnoDB AUTO_INCREMENT=237 DEFAULT CHARSET=utf8mb4 COLLATE=utf8mb4_general_ci;

-- Exportiere Daten aus Tabelle monopoly.player: ~229 rows (ungefähr)
INSERT INTO `player` (`id`, `gameId`, `ingameId`, `money`, `position`) VALUES
	(1, 28, 1, 1500, 0),
	(2, 28, 2, 1500, 0),
	(3, 28, 3, 1500, 0),
	(4, 28, 4, 1500, 0),
	(5, 29, 1, 1500, 0),
	(6, 29, 2, 1500, 0),
	(7, 29, 3, 1500, 0),
	(8, 29, 4, 1500, 0),
	(9, 30, 1, 1500, 0),
	(10, 30, 2, 1500, 0),
	(11, 30, 3, 1500, 0),
	(12, 30, 4, 1500, 0),
	(13, 31, 1, 1500, 0),
	(14, 31, 2, 1500, 0),
	(15, 31, 3, 1500, 0),
	(16, 31, 4, 1500, 0),
	(17, 32, 1, 1500, 0),
	(18, 32, 2, 1500, 0),
	(19, 32, 3, 1500, 0),
	(20, 32, 4, 1500, 0),
	(21, 33, 1, 1500, 0),
	(22, 33, 2, 1500, 0),
	(23, 33, 3, 1500, 0),
	(24, 33, 4, 1500, 0),
	(25, 34, 1, 1500, 0),
	(26, 34, 2, 1500, 0),
	(27, 34, 3, 1500, 0),
	(28, 34, 4, 1500, 0),
	(29, 35, 1, 1500, 0),
	(30, 35, 2, 1500, 0),
	(31, 35, 3, 1500, 0),
	(32, 35, 4, 1500, 0),
	(33, 36, 1, 1500, 0),
	(34, 36, 2, 1500, 0),
	(35, 36, 3, 1500, 0),
	(36, 36, 4, 1500, 0),
	(37, 37, 1, 1500, 0),
	(38, 37, 2, 1500, 0),
	(39, 37, 3, 1500, 0),
	(40, 37, 4, 1500, 0),
	(41, 38, 1, 1500, 0),
	(42, 38, 2, 1260, 24),
	(43, 38, 3, 1500, 0),
	(44, 38, 4, 1500, 0),
	(45, 41, 1, 900, 24),
	(46, 41, 2, 1500, 0),
	(47, 41, 3, 1500, 0),
	(48, 41, 4, 1500, 0),
	(49, 43, 1, 1260, 24),
	(50, 43, 2, 1500, 0),
	(51, 43, 3, 1500, 0),
	(52, 43, 4, 1500, 0),
	(53, 44, 1, 1500, 9),
	(54, 44, 2, 1500, 0),
	(55, 44, 3, 1500, 0),
	(56, 44, 4, 1500, 0),
	(57, 45, 1, 1500, 0),
	(58, 45, 2, 1500, 0),
	(59, 45, 3, 1500, 0),
	(60, 45, 4, 1500, 0),
	(61, 46, 1, 1260, 24),
	(62, 46, 2, 1500, 0),
	(63, 46, 3, 1500, 0),
	(64, 46, 4, 1500, 0),
	(65, 48, 1, 1500, 9),
	(66, 48, 2, 1500, 9),
	(67, 48, 3, 1500, 20),
	(68, 48, 4, 1500, 33),
	(69, 49, 1, 512, 37),
	(70, 49, 2, 1500, 0),
	(71, 49, 3, 1500, 0),
	(72, 49, 4, 1500, 0),
	(73, 51, 1, 1260, 27),
	(74, 51, 2, 1500, 0),
	(75, 51, 3, 1500, 0),
	(76, 51, 4, 1500, 0),
	(77, 52, 1, 1140, 24),
	(78, 52, 2, 1500, 0),
	(79, 52, 3, 1500, 0),
	(80, 52, 4, 1500, 0),
	(81, 53, 1, 1400, 17),
	(82, 53, 2, 1500, 0),
	(83, 53, 3, 1500, 0),
	(84, 53, 4, 1500, 0),
	(85, 55, 1, 100, 39),
	(86, 55, 2, 1500, 0),
	(87, 55, 3, 1500, 0),
	(88, 55, 4, 1500, 0),
	(89, 56, 1, 7799215, 18),
	(90, 56, 2, 1500, 0),
	(91, 56, 3, 1500, 0),
	(92, 56, 4, 1500, 0),
	(93, 58, 1, 1360, 11),
	(94, 58, 2, 1500, 0),
	(95, 58, 3, 1500, 0),
	(96, 58, 4, 1500, 0),
	(97, 59, 1, 1500, 0),
	(98, 59, 2, 1500, 0),
	(99, 59, 3, 1500, 0),
	(100, 59, 4, 1500, 0),
	(101, 60, 1, 1500, 7),
	(102, 60, 2, 1500, 0),
	(103, 60, 3, 1500, 0),
	(104, 60, 4, 1500, 0),
	(105, 0, 1, 1500, 0),
	(106, 0, 2, 1500, 0),
	(107, 0, 3, 1500, 0),
	(108, 0, 4, 1500, 0),
	(109, 61, 1, 1500, 0),
	(110, 61, 2, 1500, 0),
	(111, 61, 3, 1500, 0),
	(112, 61, 4, 1500, 0),
	(113, 62, 1, 1440, 3),
	(114, 62, 2, 1500, 0),
	(115, 62, 3, 1500, 0),
	(116, 62, 4, 1500, 0),
	(117, 63, 1, 1500, 0),
	(118, 63, 2, 1500, 0),
	(119, 63, 3, 1500, 0),
	(120, 63, 4, 1500, 0),
	(121, 64, 1, 1500, 13),
	(122, 64, 2, 1500, 12),
	(123, 64, 3, 1500, 19),
	(124, 64, 4, 1500, 5),
	(125, 66, 1, 1500, 0),
	(126, 66, 2, 1500, 0),
	(127, 66, 3, 1500, 0),
	(128, 66, 4, 1500, 0),
	(129, 67, 1, 1500, 8),
	(130, 67, 2, 1500, 7),
	(131, 67, 3, 1500, 6),
	(132, 67, 4, 1500, 17),
	(133, 68, 1, 1500, 9),
	(134, 68, 2, 1500, 0),
	(135, 68, 3, 1500, 0),
	(136, 68, 4, 1500, 0),
	(137, 70, 1, 1060, 26),
	(138, 70, 2, 1300, 22),
	(139, 70, 3, 1360, 20),
	(140, 70, 4, 1040, 26),
	(141, 72, 1, 1500, 0),
	(142, 72, 2, 1500, 0),
	(143, 72, 3, 1500, 0),
	(144, 72, 4, 1500, 0),
	(145, 73, 1, 1360, 11),
	(146, 73, 2, 1500, 13),
	(147, 73, 3, 1500, 0),
	(148, 73, 4, 1500, 0),
	(149, 74, 1, 1500, 7),
	(150, 74, 2, 1500, 0),
	(151, 74, 3, 1500, 0),
	(152, 74, 4, 1500, 0),
	(153, 75, 1, 1500, 5),
	(154, 75, 2, 1500, 0),
	(155, 75, 3, 1500, 0),
	(156, 75, 4, 1500, 0),
	(157, 77, 1, 890, 4),
	(158, 77, 2, 1040, 31),
	(159, 77, 3, 1400, 15),
	(160, 77, 4, 980, 23),
	(161, 78, 1, 1500, 0),
	(162, 78, 2, 1500, 0),
	(163, 78, 3, 1500, 0),
	(164, 78, 4, 1500, 0),
	(165, 79, 1, 1500, 11),
	(166, 79, 2, 1500, 7),
	(167, 79, 3, 1500, 4),
	(168, 79, 4, 1380, 9),
	(169, 80, 1, 1500, 21),
	(170, 80, 2, 1500, 3),
	(171, 80, 3, 1500, 10),
	(172, 80, 4, 1500, 10),
	(173, 81, 1, 1500, 0),
	(174, 81, 2, 1500, 0),
	(175, 81, 3, 1500, 0),
	(176, 81, 4, 1500, 0),
	(177, 82, 1, 1380, 9),
	(178, 82, 2, 1500, 0),
	(179, 82, 3, 1500, 0),
	(180, 82, 4, 1500, 0),
	(181, 83, 1, 1500, 7),
	(182, 83, 2, 1400, 6),
	(183, 83, 3, 1500, 0),
	(184, 83, 4, 1500, 0),
	(185, 84, 1, 1500, 0),
	(186, 84, 2, 1500, 0),
	(187, 84, 3, 1500, 0),
	(188, 84, 4, 1500, 0),
	(189, 85, 1, 1400, 8),
	(190, 85, 2, 1500, 0),
	(191, 85, 3, 1500, 0),
	(192, 85, 4, 1500, 0),
	(193, 86, 1, 1400, 6),
	(194, 86, 2, 1500, 4),
	(195, 86, 3, 1500, 0),
	(196, 86, 4, 1500, 0),
	(197, 87, 1, 1500, 7),
	(198, 87, 2, 1500, 2),
	(199, 87, 3, 1500, 0),
	(200, 87, 4, 1500, 0),
	(201, 88, 1, 1500, 4),
	(202, 88, 2, 1500, 0),
	(203, 88, 3, 1500, 0),
	(204, 88, 4, 1500, 0),
	(205, 89, 1, 1265, 11),
	(206, 89, 2, 1500, 0),
	(207, 89, 3, 1500, 0),
	(208, 89, 4, 1500, 0),
	(209, 90, 1, 1500, 8),
	(210, 90, 2, 1500, 0),
	(211, 90, 3, 1500, 0),
	(212, 90, 4, 1500, 0),
	(213, 91, 1, 1500, 12),
	(214, 91, 2, 1500, 5),
	(215, 91, 3, -860, 24),
	(216, 91, 4, 1500, 0),
	(217, 93, 1, 1500, 38),
	(218, 93, 2, 1500, 5),
	(219, 93, 3, 1500, 39),
	(220, 93, 4, 1500, 2),
	(221, 94, 1, 1500, 26),
	(222, 94, 2, 1500, 18),
	(223, 94, 3, 1500, 12),
	(224, 94, 4, 1500, 33),
	(225, 95, 1, 1500, 16),
	(226, 95, 2, 1500, 34),
	(227, 95, 3, 1500, 6),
	(228, 95, 4, 1500, 26),
	(229, 96, 1, 1086, 23),
	(230, 96, 2, 878, 8),
	(231, 96, 3, 1352, 38),
	(232, 96, 4, 67, 6),
	(233, 97, 1, 1500, 0),
	(234, 97, 2, 1500, 0),
	(235, 97, 3, 1500, 0),
	(236, 97, 4, 1500, 0);

-- Exportiere Struktur von Tabelle monopoly.player_x_street
CREATE TABLE IF NOT EXISTS `player_x_street` (
  `id` int(11) NOT NULL AUTO_INCREMENT,
  `playerId` int(11) NOT NULL DEFAULT 0,
  `buildings` int(11) NOT NULL DEFAULT 0,
  `mortgage` tinyint(1) NOT NULL DEFAULT 0,
  `fieldId` int(11) DEFAULT NULL,
  `streetId` int(11) DEFAULT NULL,
  `gameId` int(11) DEFAULT NULL,
  PRIMARY KEY (`id`),
  KEY `player_id` (`playerId`) USING BTREE,
  KEY `FK_player_x_field_street` (`streetId`),
  CONSTRAINT `FK_player_x_field_street` FOREIGN KEY (`streetId`) REFERENCES `street` (`id`) ON DELETE NO ACTION ON UPDATE NO ACTION,
  CONSTRAINT `player` FOREIGN KEY (`playerId`) REFERENCES `player` (`id`) ON UPDATE CASCADE
) ENGINE=InnoDB AUTO_INCREMENT=93 DEFAULT CHARSET=utf8 COLLATE=utf8_general_ci COMMENT='street that a player owns with information about buildings';

-- Exportiere Daten aus Tabelle monopoly.player_x_street: ~79 rows (ungefähr)
INSERT INTO `player_x_street` (`id`, `playerId`, `buildings`, `mortgage`, `fieldId`, `streetId`, `gameId`) VALUES
	(1, 29, 0, 0, 0, NULL, NULL),
	(2, 29, 0, 0, 15, NULL, NULL),
	(3, 42, 0, 0, 0, NULL, NULL),
	(4, 42, 0, 0, 8, NULL, NULL),
	(5, 42, 0, 0, 9, NULL, NULL),
	(6, 42, 0, 0, 11, NULL, NULL),
	(7, 42, 0, 0, 13, NULL, NULL),
	(8, 42, 0, 0, 14, NULL, NULL),
	(9, 42, 0, 0, 16, NULL, NULL),
	(10, 42, 0, 0, 18, NULL, NULL),
	(11, 42, 0, 0, 19, NULL, NULL),
	(12, 42, 0, 0, 21, NULL, NULL),
	(13, 42, 0, 0, 23, NULL, NULL),
	(14, 42, 0, 0, 24, NULL, NULL),
	(18, 45, 0, 0, 24, NULL, NULL),
	(19, 49, 0, 0, 24, NULL, NULL),
	(20, 61, 38, 0, 24, NULL, NULL),
	(21, 61, 0, 0, 21, NULL, NULL),
	(22, 69, 4, 0, 24, NULL, NULL),
	(23, 69, 0, 0, 21, NULL, NULL),
	(24, 69, 0, 0, 23, NULL, NULL),
	(25, 73, 0, 0, 24, NULL, NULL),
	(26, 77, 0, 0, 9, NULL, NULL),
	(27, 77, 0, 0, 24, NULL, NULL),
	(28, 81, 0, 0, 8, NULL, NULL),
	(29, 85, 0, 0, 24, NULL, 55),
	(30, 85, 0, 0, 37, NULL, 55),
	(31, 85, 0, 0, 11, NULL, 55),
	(32, 85, 0, 0, 26, NULL, 55),
	(33, 85, 0, 0, 26, NULL, 55),
	(34, 85, 0, 0, 39, NULL, 55),
	(35, 85, 0, 0, 39, NULL, 55),
	(36, 85, 0, 0, 39, NULL, 55),
	(37, 85, 0, 0, 39, NULL, 55),
	(38, 85, 0, 0, 39, NULL, 55),
	(39, 85, 0, 0, 39, NULL, 55),
	(40, 89, 0, 0, 14, NULL, 56),
	(41, 89, 0, 0, 31, NULL, 56),
	(42, 89, 0, 0, 13, NULL, 56),
	(43, 89, 0, 0, 9, NULL, 56),
	(44, 89, 0, 0, 27, NULL, 56),
	(45, 89, 0, 0, 6, NULL, 56),
	(46, 89, 0, 0, 18, NULL, 56),
	(48, 89, 0, 0, 3, NULL, 56),
	(49, 113, 0, 0, 3, NULL, 62),
	(50, 93, 0, 0, 11, NULL, 58),
	(51, 140, 0, 0, 3, NULL, 70),
	(52, 140, 0, 0, 14, NULL, 70),
	(53, 137, 0, 0, 18, NULL, 70),
	(54, 138, 0, 0, 19, NULL, 70),
	(55, 139, 0, 0, 13, NULL, 70),
	(56, 140, 0, 0, 24, NULL, 70),
	(57, 137, 0, 0, 26, NULL, 70),
	(58, 145, 0, 0, 11, NULL, 73),
	(59, 168, 0, 0, 9, NULL, 79),
	(60, 177, 0, 0, 9, NULL, 82),
	(61, 182, 0, 0, 6, NULL, 83),
	(62, 189, 0, 0, 8, NULL, 85),
	(63, 193, 0, 0, 6, NULL, 86),
	(64, 205, 0, 0, 11, NULL, 89),
	(66, 205, 0, 0, 3, NULL, 89),
	(67, 160, 0, 0, 9, NULL, 77),
	(68, 157, 0, 0, 26, NULL, 77),
	(69, 158, 0, 0, 18, NULL, 77),
	(70, 159, 0, 0, 6, NULL, 77),
	(71, 160, 0, 0, 16, NULL, 77),
	(72, 157, 0, 0, 37, NULL, 77),
	(73, 158, 0, 0, 29, NULL, 77),
	(74, 160, 0, 0, 23, NULL, 77),
	(75, 215, 0, 0, 3, NULL, 91),
	(76, 215, 4, 0, 1, NULL, 91),
	(79, 229, 0, 0, 6, 1, 96),
	(80, 230, 0, 0, 27, 2, 96),
	(81, 231, 0, 0, 14, 6, 96),
	(82, 232, 0, 0, 23, 7, 96),
	(83, 230, 0, 0, 34, 9, 96),
	(86, 232, 0, 0, 29, 11, 96),
	(89, 232, 0, 0, 37, 13, 96),
	(90, 229, 0, 0, 16, 14, 96),
	(91, 232, 0, 0, NULL, NULL, 96);

-- Exportiere Struktur von Tabelle monopoly.route
CREATE TABLE IF NOT EXISTS `route` (
  `id` int(11) NOT NULL AUTO_INCREMENT,
  `url` varchar(255) NOT NULL DEFAULT '0',
  `controller` varchar(255) NOT NULL DEFAULT '0',
  `action` varchar(255) NOT NULL DEFAULT '0',
  `method` varchar(255) NOT NULL DEFAULT '0',
  `comment` varchar(255) NOT NULL DEFAULT '0',
  PRIMARY KEY (`id`)
) ENGINE=InnoDB AUTO_INCREMENT=21 DEFAULT CHARSET=utf8mb4 COLLATE=utf8mb4_general_ci;

-- Exportiere Daten aus Tabelle monopoly.route: ~19 rows (ungefähr)
INSERT INTO `route` (`id`, `url`, `controller`, `action`, `method`, `comment`) VALUES
	(1, '/Test', 'GameOfThronesMonopoly\\Test\\Controller\\TestController', 'TestAction', 'get', 'test url too test new logik'),
	(2, '/EndTurn', 'GameOfThronesMonopoly\\Game\\Controller\\GameManagerController', 'EndTurnAction', 'post', 'end the current turn'),
	(3, '/Roll/Move', 'GameOfThronesMonopoly\\Game\\Controller\\GameManagerController', 'RollForMoveAction', 'post', 'returns a json with 2 rolled integer'),
	(4, '/Rene', 'GameOfThronesMonopoly\\Test\\Controller\\ReneTestController', 'TestAction', 'get', 'test url for rene'),
	(5, '/StartGame', 'GameOfThronesMonopoly\\Game\\Controller\\GameManagerController', 'StartNewGame', 'get', 'test url to test new logik'),
	(6, '/Street/Buy', 'GameOfThronesMonopoly\\Game\\Controller\\StreetController', 'BuyStreetAction', 'post', 'buy a street'),
	(7, '/Street/Sell/(.*)', 'GameOfThronesMonopoly\\Game\\Controller\\StreetController', 'SellStreetAction', 'post', 'sell a street'),
	(8, '/Roll/Escape', 'GameOfThronesMonopoly\\GameManager\\Controller\\GameManagerController', '', 'post', 'returns a json with 2 rolled integer'),
	(9, '/Street/House/Buy/(.*)', 'GameOfThronesMonopoly\\Game\\Controller\\StreetController', 'BuyHouseAction', 'post', 'buy a house on a street'),
	(10, '/Street/House/Sell/(.*)', 'GameOfThronesMonopoly\\Game\\Controller\\StreetController', 'SellHouseAction', 'post', 'sell a house on a street'),
	(11, '/Street/Hotel/Sell', 'GameOfThronesMonopoly\\GameManager\\Controller\\GameManagerController', 'SellHotelAction', 'post', 'sell a hotel on a street'),
	(12, '/Street/Hotel/Buy', 'GameOfThronesMonopoly\\GameManager\\Controller\\GameManagerController', 'BuyHotelAction', 'post', 'buy a hotel on a street'),
	(13, '/Street/Mortgage', 'GameOfThronesMonopoly\\GameManager\\Controller\\GameManagerController', 'MortgageStreetAction', 'post', 'mortgage a street'),
	(14, '/Card/View', 'GameOfThronesMonopoly\\Game\\Controller\\CardController', 'ViewCardAction', 'post', 'view a card'),
	(15, '/Test/Selina', 'GameOfThronesMonopoly\\Test\\Controller\\TestController', 'SelinaTestAction', 'get', 'selina testing url'),
	(16, '/Homepage', 'GameOfThronesMonopoly\\Game\\Controller\\GameManagerController', 'ShowHomepageAction', 'get', 'show the homepage for starting a new game'),
	(17, '/Card/InteractionButtons', 'GameOfThronesMonopoly\\Game\\Controller\\CardController', 'ViewPlayerCardAction', 'post', 'view a card'),
	(19, '/Street/Rent/Pay', 'GameOfThronesMonopoly\\Game\\Controller\\StreetController', 'PayRentAction', 'post', 'Pay rent'),
	(20, '/Play', 'GameOfThronesMonopoly\\Game\\Controller\\GameManagerController', 'InitAction', 'get', '0');

-- Exportiere Struktur von Tabelle monopoly.specialfield
CREATE TABLE IF NOT EXISTS `specialfield` (
  `id` int(11) NOT NULL AUTO_INCREMENT,
  `playfieldId` int(11) DEFAULT NULL,
  `price` int(11) DEFAULT NULL,
  `action` varchar(50) DEFAULT NULL,
  `name` varchar(50) NOT NULL DEFAULT '0',
  `comment` varchar(50) NOT NULL DEFAULT '0',
  PRIMARY KEY (`id`)
) ENGINE=InnoDB AUTO_INCREMENT=19 DEFAULT CHARSET=utf8 COLLATE=utf8_general_ci;

-- Exportiere Daten aus Tabelle monopoly.specialfield: ~18 rows (ungefähr)
INSERT INTO `specialfield` (`id`, `playfieldId`, `price`, `action`, `name`, `comment`) VALUES
	(1, 0, NULL, 'getMoney', 'Losfeld', '+200 money'),
	(2, 2, NULL, 'draw', 'Der Eiserne Thron', 'Draw a card'),
	(3, 4, NULL, 'payMoney', 'Meister der Münze', '- 200 money'),
	(4, 7, NULL, 'draw', 'Valar Morghulis', 'Draw a card'),
	(5, 10, NULL, 'nothing', 'Gefängnis / nur zu Besuch', 'Stay in prison / visit prison'),
	(6, 12, 150, 'werk', 'Die rote Wüste', '0'),
	(7, 17, NULL, 'draw', 'Der Eiserne Thron', 'Draw a card'),
	(8, 20, NULL, 'park', 'Frei parken', '0'),
	(9, 22, NULL, 'draw', 'Valar Morghulis', 'Draw a card'),
	(10, 28, 150, 'werk', 'Die Mauer', '0'),
	(11, 30, NULL, 'prison', 'Gehen Sie in das Gefängnis', 'Go to prison (playfield_id 10)'),
	(12, 33, NULL, 'draw', 'Der Eiserne Thron', 'Draw a card'),
	(13, 36, NULL, 'draw', 'Valar Morghulis', 'Draw a card'),
	(14, 38, NULL, 'payMoney', 'Hand des Königs', '- 100 money'),
	(15, 5, 200, 'trainstation', 'Haus Lennister', 'Trainstation '),
	(16, 15, 200, 'trainstation', 'Haus Barathoen', 'Trainstation '),
	(17, 25, 200, 'trainstation', 'Haus Targaryen', 'Trainstation'),
	(18, 35, 200, 'trainstation', 'Haus Stark', 'Trainstation ');

-- Exportiere Struktur von Tabelle monopoly.street
CREATE TABLE IF NOT EXISTS `street` (
  `id` int(11) NOT NULL AUTO_INCREMENT,
  `playfieldId` int(11) NOT NULL DEFAULT 0,
  `name` varchar(50) NOT NULL DEFAULT 'dummyStreet',
  `color` varchar(50) NOT NULL DEFAULT 'dummyStreet',
  `streetCosts` int(11) NOT NULL DEFAULT 100,
  `buildingCosts` int(11) NOT NULL DEFAULT 100,
  `buildingRent0` int(11) NOT NULL,
  `buildingRent1` int(11) NOT NULL,
  `buildingRent2` int(11) NOT NULL,
  `buildingRent3` int(11) NOT NULL,
  `buildingRent4` int(11) NOT NULL,
  `buildingRent5` int(11) NOT NULL,
  `mortgage` int(11) NOT NULL,
  PRIMARY KEY (`id`)
) ENGINE=InnoDB AUTO_INCREMENT=24 DEFAULT CHARSET=utf8mb4 COLLATE=utf8mb4_general_ci;

-- Exportiere Daten aus Tabelle monopoly.street: ~22 rows (ungefähr)
INSERT INTO `street` (`id`, `playfieldId`, `name`, `color`, `streetCosts`, `buildingCosts`, `buildingRent0`, `buildingRent1`, `buildingRent2`, `buildingRent3`, `buildingRent4`, `buildingRent5`, `mortgage`) VALUES
	(1, 1, 'Crasters Bergfried', 'brown', 60, 50, 2, 10, 30, 90, 160, 250, 30),
	(2, 3, 'Die Faust der ersten Menschen', 'brown', 60, 50, 4, 20, 60, 180, 320, 450, 30),
	(3, 6, 'Nachtfeste', 'lightblue', 100, 50, 6, 30, 90, 270, 400, 550, 50),
	(5, 8, 'Mulwarft', 'lightblue', 100, 50, 6, 30, 90, 270, 400, 550, 50),
	(6, 9, 'Das Gasthaus am Kreuzweg', 'lightblue', 120, 50, 8, 40, 100, 300, 450, 600, 60),
	(7, 11, 'Vaes Dorthark', 'purple', 140, 100, 10, 50, 150, 450, 625, 750, 70),
	(8, 13, 'Qarth', 'purple', 140, 100, 10, 50, 150, 450, 625, 750, 70),
	(9, 14, 'Pentos', 'purple', 160, 100, 12, 60, 180, 500, 700, 900, 80),
	(10, 16, 'Hohenehr', 'orange', 180, 100, 14, 70, 200, 550, 750, 950, 90),
	(11, 18, 'Drachenstein', 'orange', 180, 100, 14, 70, 200, 550, 750, 950, 90),
	(12, 19, 'Maidengraben', 'orange', 200, 100, 16, 80, 220, 600, 800, 1000, 100),
	(13, 21, 'Harrenhal', 'red', 220, 150, 18, 90, 250, 700, 875, 1050, 110),
	(14, 23, 'Grauenstein', 'red', 220, 150, 18, 90, 250, 700, 875, 1050, 110),
	(15, 24, 'Die Zwillinge', 'red', 240, 150, 20, 100, 300, 750, 875, 1100, 120),
	(16, 26, 'Astapor', 'yellow', 260, 150, 22, 110, 330, 800, 975, 1150, 130),
	(17, 27, 'Yunkai', 'yellow', 260, 150, 22, 110, 330, 800, 975, 1150, 130),
	(18, 29, 'Meereen', 'yellow', 280, 150, 24, 120, 360, 850, 1025, 1200, 140),
	(19, 31, 'Schwarze Festung', 'green', 300, 200, 26, 130, 390, 900, 1100, 1275, 150),
	(20, 32, 'Peik', 'green', 300, 200, 26, 130, 390, 900, 1100, 1275, 150),
	(21, 34, 'Winterfell', 'green', 320, 200, 28, 150, 450, 1000, 1200, 1400, 160),
	(22, 37, 'Braavos', 'blue', 350, 200, 35, 175, 500, 1100, 1300, 1500, 175),
	(23, 39, 'Königsmund', 'blue', 400, 200, 50, 200, 600, 1400, 1700, 2000, 200);

/*!40103 SET TIME_ZONE=IFNULL(@OLD_TIME_ZONE, 'system') */;
/*!40101 SET SQL_MODE=IFNULL(@OLD_SQL_MODE, '') */;
/*!40014 SET FOREIGN_KEY_CHECKS=IFNULL(@OLD_FOREIGN_KEY_CHECKS, 1) */;
/*!40101 SET CHARACTER_SET_CLIENT=@OLD_CHARACTER_SET_CLIENT */;
/*!40111 SET SQL_NOTES=IFNULL(@OLD_SQL_NOTES, 1) */;
